-- phpMyAdmin SQL Dump
-- version 4.8.5
-- https://www.phpmyadmin.net/
--
-- Host: 127.0.0.1
-- Waktu pembuatan: 16 Bulan Mei 2019 pada 15.43
-- Versi server: 10.1.38-MariaDB
-- Versi PHP: 7.3.2

SET SQL_MODE = "NO_AUTO_VALUE_ON_ZERO";
SET AUTOCOMMIT = 0;
START TRANSACTION;
SET time_zone = "+00:00";


/*!40101 SET @OLD_CHARACTER_SET_CLIENT=@@CHARACTER_SET_CLIENT */;
/*!40101 SET @OLD_CHARACTER_SET_RESULTS=@@CHARACTER_SET_RESULTS */;
/*!40101 SET @OLD_COLLATION_CONNECTION=@@COLLATION_CONNECTION */;
/*!40101 SET NAMES utf8mb4 */;

--
-- Database: `sistemposamel`
--

-- --------------------------------------------------------

--
-- Struktur dari tabel `asal_transaksi`
--

CREATE TABLE `asal_transaksi` (
  `at_id` int(11) NOT NULL,
  `at_nama` varchar(50) DEFAULT NULL,
  `at_tanggal` timestamp NULL DEFAULT CURRENT_TIMESTAMP
) ENGINE=InnoDB DEFAULT CHARSET=latin1;

--
-- Dumping data untuk tabel `asal_transaksi`
--

INSERT INTO `asal_transaksi` (`at_id`, `at_nama`, `at_tanggal`) VALUES
(3, 'WhatsApp', '2019-05-01 08:59:03'),
(4, 'Line', '2019-05-01 08:59:20'),
(5, 'Shopee', '2019-05-01 08:59:35'),
(6, 'COD', '2019-05-01 08:59:43'),
(7, 'Bukalapak', '2019-05-01 09:48:00');

-- --------------------------------------------------------

--
-- Struktur dari tabel `barang`
--

CREATE TABLE `barang` (
  `barang_id` int(11) NOT NULL,
  `barang_nama` varchar(50) DEFAULT NULL,
  `barang_stock_awal` int(20) NOT NULL,
  `barang_stock_akhir` int(20) NOT NULL,
  `barang_harga_modal` varchar(50) NOT NULL,
  `barang_foto` varchar(50) DEFAULT NULL,
  `barang_level` int(2) NOT NULL,
  `barang_tanggal` timestamp NULL DEFAULT CURRENT_TIMESTAMP,
  `diskon` int(10) NOT NULL
) ENGINE=InnoDB DEFAULT CHARSET=latin1;

--
-- Dumping data untuk tabel `barang`
--

INSERT INTO `barang` (`barang_id`, `barang_nama`, `barang_stock_awal`, `barang_stock_akhir`, `barang_harga_modal`, `barang_foto`, `barang_level`, `barang_tanggal`, `diskon`) VALUES
(23, 'Paket White Biasa', 31, 23, '210000', 'Paket_Whitening_Biasa.jpeg', 2, '2019-05-01 11:51:29', 0),
(24, 'Paket Acne Biasa', 30, 30, '210000', 'paket_acne_biasa.jpeg', 2, '2019-05-01 11:52:46', 0),
(25, 'Paket Ultimate Biasa', 25, 22, '210000', 'paket_ultimate_biasa.jpeg', 2, '2019-05-01 11:53:48', 0),
(26, 'Paket Luminos Biasa', 20, 14, '210000', 'luminos_biasa.jpeg', 2, '2019-05-01 11:55:52', 0),
(27, 'Paket White Klinik', 20, 20, '210000', 'white_klinik.jpeg', 2, '2019-05-01 11:57:58', 0),
(28, 'Paket Acne Klinik', 29, 29, '210000', 'acne_klinik.jpeg', 2, '2019-05-01 12:03:16', 0),
(29, 'Paket Ultimate Klinik', 19, 19, '210000', 'Ultimate_Klinik.jpeg', 2, '2019-05-01 12:04:44', 0),
(30, 'Paket Luminos Klinik', 15, 15, '210000', 'luminos_klinik.jpeg', 2, '2019-05-01 12:06:33', 0),
(31, 'Paket Body Easy White', 23, 18, '170000', 'body_easy_white.jpeg', 2, '2019-05-01 12:07:56', 0),
(32, 'Red Jelly', 11, 11, '190000', 'red_jelly.jpeg', 2, '2019-05-01 12:09:07', 0),
(33, 'Radiance Gold', 12, 12, '190000', 'Radiance_Gold.jpeg', 2, '2019-05-01 12:10:12', 0),
(34, 'Beauty Drink', 56, 56, '170000', 'Beauty_Drink.jpeg', 2, '2019-05-01 12:12:27', 0),
(35, 'Ms Slim', 34, 34, '165000', 'ms_slim.jpeg', 2, '2019-05-01 12:13:09', 0),
(36, 'JJ Glow', 18, 13, '85000', 'JJ_Glow.jpeg', 2, '2019-05-01 12:14:08', 0),
(37, 'Serum Luminos', 22, 17, '110000', 'serum_luminos.jpeg', 2, '2019-05-01 12:15:22', 0),
(38, 'Serum Lifting', 34, 34, '110000', 'serum_lifting.jpeg', 2, '2019-05-01 12:16:16', 0),
(39, 'Serum Acne', 51, 51, '80000', 'serum_acne.jpeg', 2, '2019-05-01 12:17:59', 0),
(40, 'Moist Cushion Light', 0, 0, '160000', 'Moist_Cushion_Light.jpeg', 2, '2019-05-01 12:25:57', 0),
(41, 'Moist Cushion Medium Light', 10, 5, '160000', 'Moist_Cushion_Medium_Light.jpeg', 2, '2019-05-01 12:27:01', 0),
(42, 'Losse Powder Natural', 5, -2, '90', 'Losse_Powder_Natural.jpeg', 2, '2019-05-01 12:28:17', 0),
(43, 'Losse Powder Ivory', 4, 4, '90000', 'Losse_Powder_Ivory.jpeg', 2, '2019-05-01 12:31:15', 0),
(44, 'Losse Powder Anti Sebum', 7, 0, '90000', 'Losse_Powder_Anti_Sebum.jpeg', 2, '2019-05-01 12:32:20', 0),
(45, 'Clay Mask Green Tea', 8, 8, '90000', 'Clay_Mask_Green_Tea.jpeg', 2, '2019-05-01 12:33:16', 0),
(46, 'Clay Mask Chorcoal', 7, 7, '90000', 'clay_mask_charcoal.jpeg', 2, '2019-05-01 12:36:25', 0),
(47, 'Eye Cream', 13, 13, '65000', 'Eye_Cream.jpeg', 2, '2019-05-01 12:38:05', 0),
(48, 'Underarm', 6, 6, '65000', 'Underarm.jpeg', 2, '2019-05-01 12:40:02', 0),
(49, 'Pimple Spot', 49, 49, '35000', 'Pimple_Spot.jpeg', 2, '2019-05-01 12:46:57', 0),
(50, 'Lips Scrub Sugar', 9, 1, '30000', 'Lips_Scrub_Sugar.jpeg', 2, '2019-05-01 12:47:57', 0),
(51, 'Glam Matte 01', 14, 14, '65000', 'Glam_Matte.jpeg', 2, '2019-05-01 12:49:19', 0),
(52, 'Glam Matte 02', 17, 17, '65000', 'Glam_Matte1.jpeg', 2, '2019-05-01 12:50:49', 0),
(53, 'Glam Matte 03', 8, 8, '65000', 'Glam_Matte2.jpeg', 2, '2019-05-01 12:51:46', 0),
(54, 'Glam Matte 04', 19, 19, '65000', 'Glam_Matte3.jpeg', 2, '2019-05-01 12:52:21', 0),
(55, 'Glam Matte 05', 11, 11, '65000', 'Glam_Matte4.jpeg', 2, '2019-05-01 12:52:48', 0),
(56, 'Glam Matte 06', 10, 10, '65000', 'Glam_Matte5.jpeg', 2, '2019-05-01 12:53:17', 0),
(57, 'Facial Wash', 51, 51, '45000', 'Facial_Wash.jpeg', 2, '2019-05-01 12:54:16', 0),
(58, 'Toner Glowing', 11, 11, '60000', 'Toner_Glowing_and_toner_acne.jpeg', 2, '2019-05-01 12:56:39', 0),
(59, 'Toner Acne', 69, 69, '60000', 'Toner_Glowing_and_toner_acne1.jpeg', 2, '2019-05-01 12:57:18', 0),
(60, 'Toner Klinik', 23, 23, '60000', 'TonerKlinik.jpeg', 2, '2019-05-01 12:57:48', 0),
(61, 'Day Cream', 36, 36, '50000', 'day_cream.jpeg', 2, '2019-05-01 12:58:49', 0),
(62, 'Night White Cream', 0, 0, '55000', 'Night_White_Cream.jpeg', 2, '2019-05-01 13:00:03', 0),
(63, 'Night Acne Cream', 31, 31, '55000', 'night_acne.jpeg', 2, '2019-05-01 13:00:43', 0),
(64, 'Night Ultimate Cream', 7, 7, '55000', 'ultimate_night.jpeg', 2, '2019-05-01 13:02:15', 0),
(65, 'Night Luminos Cream', 10, 10, '55000', 'luminos_night.jpeg', 2, '2019-05-01 13:03:07', 0),
(66, 'Flek Forte Klinik', 3, 3, '85000', 'Flek_Forte_Crean_Klinik.jpeg', 2, '2019-05-01 13:05:00', 0),
(67, 'Acne Klinik', 6, 6, '85000', 'Acne_Cream_Klinik.jpeg', 2, '2019-05-01 13:08:58', 0);

-- --------------------------------------------------------

--
-- Struktur dari tabel `barang_non_reseller`
--

CREATE TABLE `barang_non_reseller` (
  `bnr_id` int(11) NOT NULL,
  `barang_id` int(11) NOT NULL,
  `bnr_harga` varchar(50) NOT NULL,
  `bnr_tanggal` timestamp NOT NULL DEFAULT CURRENT_TIMESTAMP
) ENGINE=InnoDB DEFAULT CHARSET=latin1;

--
-- Dumping data untuk tabel `barang_non_reseller`
--

INSERT INTO `barang_non_reseller` (`bnr_id`, `barang_id`, `bnr_harga`, `bnr_tanggal`) VALUES
(10, 23, '300000', '2019-05-01 11:51:29'),
(11, 24, '300000', '2019-05-01 11:52:46'),
(12, 25, '300000', '2019-05-01 11:53:48'),
(13, 26, '300000', '2019-05-01 11:55:52'),
(14, 27, '325000', '2019-05-01 11:57:59'),
(15, 28, '325000', '2019-05-01 12:03:16'),
(16, 29, '325000', '2019-05-01 12:04:44'),
(17, 30, '325000', '2019-05-01 12:06:33'),
(18, 31, '200000', '2019-05-01 12:07:56'),
(19, 32, '300000', '2019-05-01 12:09:08'),
(20, 33, '300000', '2019-05-01 12:10:12'),
(21, 34, '250000', '2019-05-01 12:12:27'),
(22, 35, '200000', '2019-05-01 12:13:10'),
(23, 36, '125000', '2019-05-01 12:14:08'),
(24, 37, '150000', '2019-05-01 12:15:22'),
(25, 38, '150000', '2019-05-01 12:16:16'),
(26, 39, '100000', '2019-05-01 12:18:00'),
(27, 40, '200000', '2019-05-01 12:25:57'),
(28, 41, '200000', '2019-05-01 12:27:01'),
(29, 42, '130000', '2019-05-01 12:28:17'),
(30, 43, '130000', '2019-05-01 12:31:15'),
(31, 44, '130000', '2019-05-01 12:32:20'),
(32, 45, '115000', '2019-05-01 12:33:16'),
(33, 46, '115000', '2019-05-01 12:36:25'),
(34, 47, '105000', '2019-05-01 12:38:05'),
(35, 48, '85000', '2019-05-01 12:40:02'),
(36, 49, '65000', '2019-05-01 12:46:58'),
(37, 50, '60000', '2019-05-01 12:47:57'),
(38, 51, '85000', '2019-05-01 12:49:19'),
(39, 52, '85000', '2019-05-01 12:50:49'),
(40, 53, '85000', '2019-05-01 12:51:46'),
(41, 54, '85000', '2019-05-01 12:52:22'),
(42, 55, '85000', '2019-05-01 12:52:48'),
(43, 56, '85000', '2019-05-01 12:53:17'),
(44, 57, '70000', '2019-05-01 12:54:16'),
(45, 58, '80000', '2019-05-01 12:56:39'),
(46, 59, '80000', '2019-05-01 12:57:18'),
(47, 60, '95000', '2019-05-01 12:57:48'),
(48, 61, '90000', '2019-05-01 12:58:49'),
(49, 62, '90000', '2019-05-01 13:00:03'),
(50, 63, '90000', '2019-05-01 13:00:43'),
(51, 64, '90000', '2019-05-01 13:02:15'),
(52, 65, '90000', '2019-05-01 13:03:07'),
(53, 66, '135000', '2019-05-01 13:05:00'),
(54, 67, '135000', '2019-05-01 13:08:58');

-- --------------------------------------------------------

--
-- Struktur dari tabel `barang_reseller`
--

CREATE TABLE `barang_reseller` (
  `br_id` int(11) NOT NULL,
  `barang_id` int(11) NOT NULL,
  `br_kuantitas` int(50) NOT NULL,
  `br_harga` varchar(50) NOT NULL,
  `br_tanggal` timestamp NULL DEFAULT CURRENT_TIMESTAMP
) ENGINE=InnoDB DEFAULT CHARSET=latin1;

--
-- Dumping data untuk tabel `barang_reseller`
--

INSERT INTO `barang_reseller` (`br_id`, `barang_id`, `br_kuantitas`, `br_harga`, `br_tanggal`) VALUES
(46, 23, 1, '275000', '2019-05-01 13:44:16'),
(47, 23, 2, '275000', '2019-05-01 13:44:17'),
(48, 23, 3, '275000', '2019-05-01 13:44:17'),
(49, 23, 4, '275000', '2019-05-01 13:44:17'),
(50, 23, 5, '275000', '2019-05-01 13:44:17'),
(51, 23, 6, '275000', '2019-05-01 13:44:17'),
(52, 23, 7, '275000', '2019-05-01 13:44:17'),
(53, 23, 8, '275000', '2019-05-01 13:44:17'),
(54, 23, 9, '275000', '2019-05-01 13:44:17'),
(55, 23, 10, '275000', '2019-05-01 13:44:17'),
(56, 23, 11, '275000', '2019-05-01 13:44:18'),
(57, 24, 12, '250000', '2019-05-01 13:45:18'),
(58, 24, 13, '250000', '2019-05-01 13:45:18'),
(59, 24, 14, '250000', '2019-05-01 13:45:19'),
(60, 24, 15, '250000', '2019-05-01 13:45:19'),
(61, 24, 16, '250000', '2019-05-01 13:45:19'),
(62, 24, 17, '250000', '2019-05-01 13:45:19'),
(63, 24, 18, '250000', '2019-05-01 13:45:19'),
(64, 24, 19, '250000', '2019-05-01 13:45:19'),
(65, 24, 20, '250000', '2019-05-01 13:45:19'),
(66, 24, 21, '250000', '2019-05-01 13:45:19'),
(67, 24, 22, '250000', '2019-05-01 13:45:19'),
(68, 24, 23, '250000', '2019-05-01 13:45:19'),
(69, 24, 24, '250000', '2019-05-01 13:45:19'),
(70, 24, 25, '250000', '2019-05-01 13:45:19'),
(71, 24, 26, '250000', '2019-05-01 13:45:19'),
(72, 24, 27, '250000', '2019-05-01 13:45:20'),
(73, 24, 28, '250000', '2019-05-01 13:45:20'),
(74, 24, 29, '250000', '2019-05-01 13:45:20'),
(75, 25, 30, '240000', '2019-05-01 13:51:52'),
(76, 25, 31, '240000', '2019-05-01 13:51:52'),
(77, 25, 32, '240000', '2019-05-01 13:51:52'),
(78, 25, 33, '240000', '2019-05-01 13:51:52'),
(79, 25, 34, '240000', '2019-05-01 13:51:52'),
(80, 25, 35, '240000', '2019-05-01 13:51:52'),
(81, 25, 36, '240000', '2019-05-01 13:51:52'),
(82, 25, 37, '240000', '2019-05-01 13:51:53'),
(83, 25, 38, '240000', '2019-05-01 13:51:53'),
(84, 25, 39, '240000', '2019-05-01 13:51:53'),
(85, 25, 40, '240000', '2019-05-01 13:51:53'),
(86, 25, 41, '240000', '2019-05-01 13:51:53'),
(87, 25, 42, '240000', '2019-05-01 13:51:53'),
(88, 25, 43, '240000', '2019-05-01 13:51:53'),
(89, 25, 44, '240000', '2019-05-01 13:51:53'),
(90, 25, 45, '240000', '2019-05-01 13:51:53'),
(91, 25, 46, '240000', '2019-05-01 13:51:53'),
(92, 25, 47, '240000', '2019-05-01 13:51:53'),
(93, 25, 48, '240000', '2019-05-01 13:51:53'),
(94, 25, 49, '240000', '2019-05-01 13:51:53'),
(95, 25, 50, '240000', '2019-05-01 13:51:53'),
(96, 25, 51, '240000', '2019-05-01 13:51:53'),
(97, 25, 52, '240000', '2019-05-01 13:51:53'),
(98, 25, 53, '240000', '2019-05-01 13:51:53'),
(99, 25, 54, '240000', '2019-05-01 13:51:54'),
(100, 25, 55, '240000', '2019-05-01 13:51:54'),
(101, 25, 56, '240000', '2019-05-01 13:51:54'),
(102, 25, 57, '240000', '2019-05-01 13:51:54'),
(103, 25, 58, '240000', '2019-05-01 13:51:54'),
(104, 25, 59, '240000', '2019-05-01 13:51:54'),
(105, 26, 60, '230', '2019-05-01 13:53:31'),
(106, 26, 61, '230', '2019-05-01 13:53:31'),
(107, 26, 62, '230', '2019-05-01 13:53:31'),
(108, 26, 63, '230', '2019-05-01 13:53:31'),
(109, 26, 64, '230', '2019-05-01 13:53:31'),
(110, 26, 65, '230', '2019-05-01 13:53:31'),
(111, 26, 66, '230', '2019-05-01 13:53:31'),
(112, 26, 67, '230', '2019-05-01 13:53:31'),
(113, 26, 68, '230', '2019-05-01 13:53:31'),
(114, 26, 69, '230', '2019-05-01 13:53:31'),
(115, 26, 70, '230', '2019-05-01 13:53:32'),
(116, 26, 71, '230', '2019-05-01 13:53:32'),
(117, 26, 72, '230', '2019-05-01 13:53:32'),
(118, 26, 73, '230', '2019-05-01 13:53:32'),
(119, 26, 74, '230', '2019-05-01 13:53:32'),
(120, 26, 75, '230', '2019-05-01 13:53:32'),
(121, 26, 76, '230', '2019-05-01 13:53:32'),
(122, 26, 77, '230', '2019-05-01 13:53:32'),
(123, 26, 78, '230', '2019-05-01 13:53:32'),
(124, 26, 79, '230', '2019-05-01 13:53:32'),
(125, 26, 80, '230', '2019-05-01 13:53:32'),
(126, 26, 81, '230', '2019-05-01 13:53:32'),
(127, 26, 82, '230', '2019-05-01 13:53:32'),
(128, 26, 83, '230', '2019-05-01 13:53:32'),
(129, 26, 84, '230', '2019-05-01 13:53:32'),
(130, 26, 85, '230', '2019-05-01 13:53:32'),
(131, 26, 86, '230', '2019-05-01 13:53:32'),
(132, 26, 87, '230', '2019-05-01 13:53:33'),
(133, 26, 88, '230', '2019-05-01 13:53:33'),
(134, 26, 89, '230', '2019-05-01 13:53:33'),
(135, 27, 90, '220000', '2019-05-01 13:54:03'),
(136, 27, 91, '220000', '2019-05-01 13:54:03'),
(137, 27, 92, '220000', '2019-05-01 13:54:03'),
(138, 27, 93, '220000', '2019-05-01 13:54:03'),
(139, 27, 94, '220000', '2019-05-01 13:54:03'),
(140, 27, 95, '220000', '2019-05-01 13:54:03'),
(141, 27, 96, '220000', '2019-05-01 13:54:03'),
(142, 27, 97, '220000', '2019-05-01 13:54:03'),
(143, 27, 98, '220000', '2019-05-01 13:54:03'),
(144, 27, 99, '220000', '2019-05-01 13:54:04'),
(145, 27, 100, '220000', '2019-05-01 13:54:04'),
(146, 27, 101, '220000', '2019-05-01 13:54:04'),
(147, 27, 102, '220000', '2019-05-01 13:54:04'),
(148, 27, 103, '220000', '2019-05-01 13:54:04'),
(149, 27, 104, '220000', '2019-05-01 13:54:04'),
(150, 27, 105, '220000', '2019-05-01 13:54:04'),
(151, 27, 106, '220000', '2019-05-01 13:54:04'),
(152, 27, 107, '220000', '2019-05-01 13:54:04'),
(153, 27, 108, '220000', '2019-05-01 13:54:04'),
(154, 27, 109, '220000', '2019-05-01 13:54:04'),
(155, 27, 110, '220000', '2019-05-01 13:54:04'),
(156, 27, 111, '220000', '2019-05-01 13:54:05'),
(157, 27, 112, '220000', '2019-05-01 13:54:05'),
(158, 27, 113, '220000', '2019-05-01 13:54:05'),
(159, 27, 114, '220000', '2019-05-01 13:54:05'),
(160, 27, 115, '220000', '2019-05-01 13:54:05'),
(161, 27, 116, '220000', '2019-05-01 13:54:05'),
(162, 27, 117, '220000', '2019-05-01 13:54:05'),
(163, 27, 118, '220000', '2019-05-01 13:54:05'),
(164, 27, 119, '220000', '2019-05-01 13:54:06'),
(165, 28, 120, '215000', '2019-05-01 13:54:30'),
(166, 28, 121, '215000', '2019-05-01 13:54:31'),
(167, 28, 122, '215000', '2019-05-01 13:54:31'),
(168, 28, 123, '215000', '2019-05-01 13:54:31'),
(169, 28, 124, '215000', '2019-05-01 13:54:31'),
(170, 28, 125, '215000', '2019-05-01 13:54:31'),
(171, 28, 126, '215000', '2019-05-01 13:54:31'),
(172, 28, 127, '215000', '2019-05-01 13:54:31'),
(173, 28, 128, '215000', '2019-05-01 13:54:31'),
(174, 28, 129, '215000', '2019-05-01 13:54:31'),
(175, 28, 130, '215000', '2019-05-01 13:54:31'),
(176, 28, 131, '215000', '2019-05-01 13:54:32'),
(177, 28, 132, '215000', '2019-05-01 13:54:32'),
(178, 28, 133, '215000', '2019-05-01 13:54:32'),
(179, 28, 134, '215000', '2019-05-01 13:54:32'),
(180, 28, 135, '215000', '2019-05-01 13:54:32'),
(181, 28, 136, '215000', '2019-05-01 13:54:32'),
(182, 28, 137, '215000', '2019-05-01 13:54:32'),
(183, 28, 138, '215000', '2019-05-01 13:54:32'),
(184, 28, 139, '215000', '2019-05-01 13:54:32'),
(185, 28, 140, '215000', '2019-05-01 13:54:33'),
(186, 28, 141, '215000', '2019-05-01 13:54:33'),
(187, 28, 142, '215000', '2019-05-01 13:54:33'),
(188, 28, 143, '215000', '2019-05-01 13:54:33'),
(189, 28, 144, '215000', '2019-05-01 13:54:33'),
(190, 28, 145, '215000', '2019-05-01 13:54:33'),
(191, 28, 146, '215000', '2019-05-01 13:54:33'),
(192, 28, 147, '215000', '2019-05-01 13:54:33'),
(193, 28, 148, '215000', '2019-05-01 13:54:33'),
(194, 28, 149, '215000', '2019-05-01 13:54:33'),
(195, 28, 150, '215000', '2019-05-01 13:54:34'),
(196, 28, 151, '215000', '2019-05-01 13:54:34'),
(197, 28, 152, '215000', '2019-05-01 13:54:34'),
(198, 28, 153, '215000', '2019-05-01 13:54:34'),
(199, 28, 154, '215000', '2019-05-01 13:54:34'),
(200, 28, 155, '215000', '2019-05-01 13:54:34'),
(201, 28, 156, '215000', '2019-05-01 13:54:34'),
(202, 28, 157, '215000', '2019-05-01 13:54:34'),
(203, 28, 158, '215000', '2019-05-01 13:54:34'),
(204, 28, 159, '215000', '2019-05-01 13:54:34'),
(205, 28, 160, '215000', '2019-05-01 13:54:34'),
(206, 28, 161, '215000', '2019-05-01 13:54:34'),
(207, 28, 162, '215000', '2019-05-01 13:54:34'),
(208, 28, 163, '215000', '2019-05-01 13:54:35'),
(209, 28, 164, '215000', '2019-05-01 13:54:35'),
(210, 28, 165, '215000', '2019-05-01 13:54:35'),
(211, 28, 166, '215000', '2019-05-01 13:54:35'),
(212, 28, 167, '215000', '2019-05-01 13:54:35'),
(213, 28, 168, '215000', '2019-05-01 13:54:35'),
(214, 28, 169, '215000', '2019-05-01 13:54:36'),
(215, 28, 170, '215000', '2019-05-01 13:54:36'),
(216, 28, 171, '215000', '2019-05-01 13:54:36'),
(217, 28, 172, '215000', '2019-05-01 13:54:36'),
(218, 28, 173, '215000', '2019-05-01 13:54:36'),
(219, 28, 174, '215000', '2019-05-01 13:54:36'),
(220, 28, 175, '215000', '2019-05-01 13:54:36'),
(221, 28, 176, '215000', '2019-05-01 13:54:36'),
(222, 28, 177, '215000', '2019-05-01 13:54:37'),
(223, 28, 178, '215000', '2019-05-01 13:54:37'),
(224, 28, 179, '215000', '2019-05-01 13:54:37'),
(225, 28, 180, '215000', '2019-05-01 13:54:37'),
(226, 28, 181, '215000', '2019-05-01 13:54:37'),
(227, 28, 182, '215000', '2019-05-01 13:54:37'),
(228, 28, 183, '215000', '2019-05-01 13:54:38'),
(229, 28, 184, '215000', '2019-05-01 13:54:38'),
(230, 28, 185, '215000', '2019-05-01 13:54:38'),
(231, 28, 186, '215000', '2019-05-01 13:54:38'),
(232, 28, 187, '215000', '2019-05-01 13:54:38'),
(233, 28, 188, '215000', '2019-05-01 13:54:38'),
(234, 28, 189, '215000', '2019-05-01 13:54:39'),
(235, 28, 190, '215000', '2019-05-01 13:54:39'),
(236, 28, 191, '215000', '2019-05-01 13:54:39'),
(237, 28, 192, '215000', '2019-05-01 13:54:39'),
(238, 28, 193, '215000', '2019-05-01 13:54:39'),
(239, 28, 194, '215000', '2019-05-01 13:54:39'),
(240, 28, 195, '215000', '2019-05-01 13:54:39'),
(241, 28, 196, '215000', '2019-05-01 13:54:39'),
(242, 28, 197, '215000', '2019-05-01 13:54:39'),
(243, 28, 198, '215000', '2019-05-01 13:54:39'),
(244, 28, 199, '215000', '2019-05-01 13:54:39'),
(245, 28, 200, '215000', '2019-05-01 13:54:39'),
(246, 28, 201, '215000', '2019-05-01 13:54:39'),
(247, 28, 202, '215000', '2019-05-01 13:54:39'),
(248, 28, 203, '215000', '2019-05-01 13:54:40'),
(249, 28, 204, '215000', '2019-05-01 13:54:40'),
(250, 28, 205, '215000', '2019-05-01 13:54:40'),
(251, 28, 206, '215000', '2019-05-01 13:54:40'),
(252, 28, 207, '215000', '2019-05-01 13:54:40'),
(253, 28, 208, '215000', '2019-05-01 13:54:40'),
(254, 28, 209, '215000', '2019-05-01 13:54:40'),
(255, 28, 210, '215000', '2019-05-01 13:54:40'),
(256, 28, 211, '215000', '2019-05-01 13:54:40'),
(257, 28, 212, '215000', '2019-05-01 13:54:40'),
(258, 28, 213, '215000', '2019-05-01 13:54:40'),
(259, 28, 214, '215000', '2019-05-01 13:54:41'),
(260, 28, 215, '215000', '2019-05-01 13:54:41'),
(261, 28, 216, '215000', '2019-05-01 13:54:41'),
(262, 28, 217, '215000', '2019-05-01 13:54:41'),
(263, 28, 218, '215000', '2019-05-01 13:54:41'),
(264, 28, 219, '215000', '2019-05-01 13:54:41'),
(265, 28, 220, '215000', '2019-05-01 13:54:41'),
(266, 28, 221, '215000', '2019-05-01 13:54:41'),
(267, 28, 222, '215000', '2019-05-01 13:54:41'),
(268, 28, 223, '215000', '2019-05-01 13:54:41'),
(269, 28, 224, '215000', '2019-05-01 13:54:41'),
(270, 28, 225, '215000', '2019-05-01 13:54:41'),
(271, 28, 226, '215000', '2019-05-01 13:54:41'),
(272, 28, 227, '215000', '2019-05-01 13:54:41'),
(273, 28, 228, '215000', '2019-05-01 13:54:41'),
(274, 28, 229, '215000', '2019-05-01 13:54:41'),
(275, 28, 230, '215000', '2019-05-01 13:54:41'),
(276, 28, 231, '215000', '2019-05-01 13:54:42'),
(277, 28, 232, '215000', '2019-05-01 13:54:42'),
(278, 28, 233, '215000', '2019-05-01 13:54:42'),
(279, 28, 234, '215000', '2019-05-01 13:54:42'),
(280, 28, 235, '215000', '2019-05-01 13:54:42'),
(281, 28, 236, '215000', '2019-05-01 13:54:42'),
(282, 28, 237, '215000', '2019-05-01 13:54:42'),
(283, 28, 238, '215000', '2019-05-01 13:54:42'),
(284, 28, 239, '215000', '2019-05-01 13:54:42'),
(285, 28, 240, '215000', '2019-05-01 13:54:42'),
(286, 28, 241, '215000', '2019-05-01 13:54:42'),
(287, 28, 242, '215000', '2019-05-01 13:54:43'),
(288, 28, 243, '215000', '2019-05-01 13:54:43'),
(289, 28, 244, '215000', '2019-05-01 13:54:43'),
(290, 28, 245, '215000', '2019-05-01 13:54:43'),
(291, 28, 246, '215000', '2019-05-01 13:54:43'),
(292, 28, 247, '215000', '2019-05-01 13:54:43'),
(293, 28, 248, '215000', '2019-05-01 13:54:43'),
(294, 28, 249, '215000', '2019-05-01 13:54:43'),
(295, 28, 250, '215000', '2019-05-01 13:54:43'),
(296, 28, 251, '215000', '2019-05-01 13:54:43'),
(297, 28, 252, '215000', '2019-05-01 13:54:43'),
(298, 28, 253, '215000', '2019-05-01 13:54:43'),
(299, 28, 254, '215000', '2019-05-01 13:54:43'),
(300, 28, 255, '215000', '2019-05-01 13:54:43'),
(301, 28, 256, '215000', '2019-05-01 13:54:43'),
(302, 28, 257, '215000', '2019-05-01 13:54:43'),
(303, 28, 258, '215000', '2019-05-01 13:54:44'),
(304, 28, 259, '215000', '2019-05-01 13:54:44'),
(305, 28, 260, '215000', '2019-05-01 13:54:44'),
(306, 28, 261, '215000', '2019-05-01 13:54:44'),
(307, 28, 262, '215000', '2019-05-01 13:54:44'),
(308, 28, 263, '215000', '2019-05-01 13:54:44'),
(309, 28, 264, '215000', '2019-05-01 13:54:44'),
(310, 28, 265, '215000', '2019-05-01 13:54:45'),
(311, 28, 266, '215000', '2019-05-01 13:54:45'),
(312, 28, 267, '215000', '2019-05-01 13:54:45'),
(313, 28, 268, '215000', '2019-05-01 13:54:45'),
(314, 28, 269, '215000', '2019-05-01 13:54:45'),
(315, 28, 270, '215000', '2019-05-01 13:54:45'),
(316, 28, 271, '215000', '2019-05-01 13:54:45'),
(317, 28, 272, '215000', '2019-05-01 13:54:45'),
(318, 28, 273, '215000', '2019-05-01 13:54:46'),
(319, 28, 274, '215000', '2019-05-01 13:54:46'),
(320, 28, 275, '215000', '2019-05-01 13:54:46'),
(321, 28, 276, '215000', '2019-05-01 13:54:46'),
(322, 28, 277, '215000', '2019-05-01 13:54:46'),
(323, 28, 278, '215000', '2019-05-01 13:54:46'),
(324, 28, 279, '215000', '2019-05-01 13:54:46'),
(325, 28, 280, '215000', '2019-05-01 13:54:46'),
(326, 28, 281, '215000', '2019-05-01 13:54:46'),
(327, 28, 282, '215000', '2019-05-01 13:54:46'),
(328, 28, 283, '215000', '2019-05-01 13:54:46'),
(329, 28, 284, '215000', '2019-05-01 13:54:46'),
(330, 28, 285, '215000', '2019-05-01 13:54:46'),
(331, 28, 286, '215000', '2019-05-01 13:54:47'),
(332, 28, 287, '215000', '2019-05-01 13:54:47'),
(333, 28, 288, '215000', '2019-05-01 13:54:47'),
(334, 28, 289, '215000', '2019-05-01 13:54:47'),
(335, 28, 290, '215000', '2019-05-01 13:54:47'),
(336, 28, 291, '215000', '2019-05-01 13:54:47'),
(337, 28, 292, '215000', '2019-05-01 13:54:47'),
(338, 28, 293, '215000', '2019-05-01 13:54:47'),
(339, 28, 294, '215000', '2019-05-01 13:54:47'),
(340, 28, 295, '215000', '2019-05-01 13:54:47'),
(341, 28, 296, '215000', '2019-05-01 13:54:48'),
(342, 28, 297, '215000', '2019-05-01 13:54:48'),
(343, 28, 298, '215000', '2019-05-01 13:54:48'),
(344, 28, 299, '215000', '2019-05-01 13:54:48'),
(345, 28, 300, '215000', '2019-05-01 13:54:48'),
(346, 28, 301, '215000', '2019-05-01 13:54:48'),
(347, 28, 302, '215000', '2019-05-01 13:54:48'),
(348, 28, 303, '215000', '2019-05-01 13:54:48'),
(349, 28, 304, '215000', '2019-05-01 13:54:48'),
(350, 28, 305, '215000', '2019-05-01 13:54:48'),
(351, 28, 306, '215000', '2019-05-01 13:54:48'),
(352, 28, 307, '215000', '2019-05-01 13:54:49'),
(353, 28, 308, '215000', '2019-05-01 13:54:49'),
(354, 28, 309, '215000', '2019-05-01 13:54:49'),
(355, 28, 310, '215000', '2019-05-01 13:54:49'),
(356, 28, 311, '215000', '2019-05-01 13:54:49'),
(357, 28, 312, '215000', '2019-05-01 13:54:49'),
(358, 28, 313, '215000', '2019-05-01 13:54:49'),
(359, 28, 314, '215000', '2019-05-01 13:54:49'),
(360, 28, 315, '215000', '2019-05-01 13:54:49'),
(361, 28, 316, '215000', '2019-05-01 13:54:49'),
(362, 28, 317, '215000', '2019-05-01 13:54:49'),
(363, 28, 318, '215000', '2019-05-01 13:54:49'),
(364, 28, 319, '215000', '2019-05-01 13:54:49'),
(365, 28, 320, '215000', '2019-05-01 13:54:49'),
(366, 28, 321, '215000', '2019-05-01 13:54:49'),
(367, 28, 322, '215000', '2019-05-01 13:54:50'),
(368, 28, 323, '215000', '2019-05-01 13:54:50'),
(369, 28, 324, '215000', '2019-05-01 13:54:50'),
(370, 28, 325, '215000', '2019-05-01 13:54:50'),
(371, 28, 326, '215000', '2019-05-01 13:54:50'),
(372, 28, 327, '215000', '2019-05-01 13:54:50'),
(373, 28, 328, '215000', '2019-05-01 13:54:50'),
(374, 28, 329, '215000', '2019-05-01 13:54:50'),
(375, 28, 330, '215000', '2019-05-01 13:54:50'),
(376, 28, 331, '215000', '2019-05-01 13:54:50'),
(377, 28, 332, '215000', '2019-05-01 13:54:50'),
(378, 28, 333, '215000', '2019-05-01 13:54:50'),
(379, 28, 334, '215000', '2019-05-01 13:54:50'),
(380, 28, 335, '215000', '2019-05-01 13:54:50'),
(381, 28, 336, '215000', '2019-05-01 13:54:50'),
(382, 28, 337, '215000', '2019-05-01 13:54:51'),
(383, 28, 338, '215000', '2019-05-01 13:54:51'),
(384, 28, 339, '215000', '2019-05-01 13:54:51'),
(385, 28, 340, '215000', '2019-05-01 13:54:51'),
(386, 28, 341, '215000', '2019-05-01 13:54:51'),
(387, 28, 342, '215000', '2019-05-01 13:54:51'),
(388, 28, 343, '215000', '2019-05-01 13:54:51'),
(389, 28, 344, '215000', '2019-05-01 13:54:51'),
(390, 28, 345, '215000', '2019-05-01 13:54:52'),
(391, 28, 346, '215000', '2019-05-01 13:54:52'),
(392, 28, 347, '215000', '2019-05-01 13:54:52'),
(393, 28, 348, '215000', '2019-05-01 13:54:52'),
(394, 28, 349, '215000', '2019-05-01 13:54:52'),
(395, 28, 350, '215000', '2019-05-01 13:54:53'),
(396, 28, 351, '215000', '2019-05-01 13:54:53'),
(397, 28, 352, '215000', '2019-05-01 13:54:53'),
(398, 28, 353, '215000', '2019-05-01 13:54:53'),
(399, 28, 354, '215000', '2019-05-01 13:54:53'),
(400, 28, 355, '215000', '2019-05-01 13:54:53'),
(401, 28, 356, '215000', '2019-05-01 13:54:53'),
(402, 28, 357, '215000', '2019-05-01 13:54:53'),
(403, 28, 358, '215000', '2019-05-01 13:54:54'),
(404, 28, 359, '215000', '2019-05-01 13:54:54'),
(405, 28, 360, '215000', '2019-05-01 13:54:54'),
(406, 28, 361, '215000', '2019-05-01 13:54:54'),
(407, 28, 362, '215000', '2019-05-01 13:54:54'),
(408, 28, 363, '215000', '2019-05-01 13:54:54'),
(409, 28, 364, '215000', '2019-05-01 13:54:54'),
(410, 28, 365, '215000', '2019-05-01 13:54:54'),
(411, 28, 366, '215000', '2019-05-01 13:54:54'),
(412, 28, 367, '215000', '2019-05-01 13:54:55'),
(413, 28, 368, '215000', '2019-05-01 13:54:55'),
(414, 28, 369, '215000', '2019-05-01 13:54:55'),
(415, 28, 370, '215000', '2019-05-01 13:54:55'),
(416, 28, 371, '215000', '2019-05-01 13:54:55'),
(417, 28, 372, '215000', '2019-05-01 13:54:55'),
(418, 28, 373, '215000', '2019-05-01 13:54:55'),
(419, 28, 374, '215000', '2019-05-01 13:54:55'),
(420, 28, 375, '215000', '2019-05-01 13:54:55'),
(421, 28, 376, '215000', '2019-05-01 13:54:55'),
(422, 28, 377, '215000', '2019-05-01 13:54:55'),
(423, 28, 378, '215000', '2019-05-01 13:54:55'),
(424, 28, 379, '215000', '2019-05-01 13:54:55'),
(425, 28, 380, '215000', '2019-05-01 13:54:55'),
(426, 28, 381, '215000', '2019-05-01 13:54:55'),
(427, 28, 382, '215000', '2019-05-01 13:54:56'),
(428, 28, 383, '215000', '2019-05-01 13:54:56'),
(429, 28, 384, '215000', '2019-05-01 13:54:56'),
(430, 28, 385, '215000', '2019-05-01 13:54:56'),
(431, 28, 386, '215000', '2019-05-01 13:54:56'),
(432, 28, 387, '215000', '2019-05-01 13:54:56'),
(433, 28, 388, '215000', '2019-05-01 13:54:56'),
(434, 28, 389, '215000', '2019-05-01 13:54:56'),
(435, 28, 390, '215000', '2019-05-01 13:54:56'),
(436, 28, 391, '215000', '2019-05-01 13:54:56'),
(437, 28, 392, '215000', '2019-05-01 13:54:56'),
(438, 28, 393, '215000', '2019-05-01 13:54:56'),
(439, 28, 394, '215000', '2019-05-01 13:54:56'),
(440, 28, 395, '215000', '2019-05-01 13:54:56'),
(441, 28, 396, '215000', '2019-05-01 13:54:57'),
(442, 28, 397, '215000', '2019-05-01 13:54:57'),
(443, 28, 398, '215000', '2019-05-01 13:54:57'),
(444, 28, 399, '215000', '2019-05-01 13:54:57'),
(445, 28, 400, '215000', '2019-05-01 13:54:57'),
(446, 28, 401, '215000', '2019-05-01 13:54:57'),
(447, 28, 402, '215000', '2019-05-01 13:54:57'),
(448, 28, 403, '215000', '2019-05-01 13:54:58'),
(449, 28, 404, '215000', '2019-05-01 13:54:58'),
(450, 28, 405, '215000', '2019-05-01 13:54:58'),
(451, 28, 406, '215000', '2019-05-01 13:54:58'),
(452, 28, 407, '215000', '2019-05-01 13:54:58'),
(453, 28, 408, '215000', '2019-05-01 13:54:58'),
(454, 28, 409, '215000', '2019-05-01 13:54:58'),
(455, 28, 410, '215000', '2019-05-01 13:54:58'),
(456, 28, 411, '215000', '2019-05-01 13:54:58'),
(457, 28, 412, '215000', '2019-05-01 13:54:59'),
(458, 28, 413, '215000', '2019-05-01 13:54:59'),
(459, 28, 414, '215000', '2019-05-01 13:54:59'),
(460, 28, 415, '215000', '2019-05-01 13:54:59'),
(461, 28, 416, '215000', '2019-05-01 13:54:59'),
(462, 28, 417, '215000', '2019-05-01 13:54:59'),
(463, 28, 418, '215000', '2019-05-01 13:54:59'),
(464, 28, 419, '215000', '2019-05-01 13:54:59'),
(465, 28, 420, '215000', '2019-05-01 13:54:59'),
(466, 28, 421, '215000', '2019-05-01 13:54:59'),
(467, 28, 422, '215000', '2019-05-01 13:54:59'),
(468, 28, 423, '215000', '2019-05-01 13:54:59'),
(469, 28, 424, '215000', '2019-05-01 13:54:59'),
(470, 28, 425, '215000', '2019-05-01 13:54:59'),
(471, 28, 426, '215000', '2019-05-01 13:54:59'),
(472, 28, 427, '215000', '2019-05-01 13:54:59'),
(473, 28, 428, '215000', '2019-05-01 13:54:59'),
(474, 28, 429, '215000', '2019-05-01 13:54:59'),
(475, 28, 430, '215000', '2019-05-01 13:54:59'),
(476, 28, 431, '215000', '2019-05-01 13:55:00'),
(477, 28, 432, '215000', '2019-05-01 13:55:00'),
(478, 28, 433, '215000', '2019-05-01 13:55:00'),
(479, 28, 434, '215000', '2019-05-01 13:55:00'),
(480, 28, 435, '215000', '2019-05-01 13:55:00'),
(481, 28, 436, '215000', '2019-05-01 13:55:00'),
(482, 28, 437, '215000', '2019-05-01 13:55:00'),
(483, 28, 438, '215000', '2019-05-01 13:55:00'),
(484, 28, 439, '215000', '2019-05-01 13:55:00'),
(485, 28, 440, '215000', '2019-05-01 13:55:00'),
(486, 28, 441, '215000', '2019-05-01 13:55:00'),
(487, 28, 442, '215000', '2019-05-01 13:55:00'),
(488, 28, 443, '215000', '2019-05-01 13:55:01'),
(489, 28, 444, '215000', '2019-05-01 13:55:01'),
(490, 28, 445, '215000', '2019-05-01 13:55:01'),
(491, 28, 446, '215000', '2019-05-01 13:55:01'),
(492, 28, 447, '215000', '2019-05-01 13:55:01'),
(493, 28, 448, '215000', '2019-05-01 13:55:01'),
(494, 28, 449, '215000', '2019-05-01 13:55:01'),
(495, 28, 450, '215000', '2019-05-01 13:55:01'),
(496, 28, 451, '215000', '2019-05-01 13:55:01'),
(497, 28, 452, '215000', '2019-05-01 13:55:01'),
(498, 28, 453, '215000', '2019-05-01 13:55:01'),
(499, 28, 454, '215000', '2019-05-01 13:55:01'),
(500, 28, 455, '215000', '2019-05-01 13:55:01'),
(501, 28, 456, '215000', '2019-05-01 13:55:01'),
(502, 28, 457, '215000', '2019-05-01 13:55:01'),
(503, 28, 458, '215000', '2019-05-01 13:55:01'),
(504, 28, 459, '215000', '2019-05-01 13:55:01'),
(505, 28, 460, '215000', '2019-05-01 13:55:01'),
(506, 28, 461, '215000', '2019-05-01 13:55:01'),
(507, 28, 462, '215000', '2019-05-01 13:55:02'),
(508, 28, 463, '215000', '2019-05-01 13:55:02'),
(509, 28, 464, '215000', '2019-05-01 13:55:02'),
(510, 28, 465, '215000', '2019-05-01 13:55:02'),
(511, 28, 466, '215000', '2019-05-01 13:55:02'),
(512, 28, 467, '215000', '2019-05-01 13:55:02'),
(513, 28, 468, '215000', '2019-05-01 13:55:02'),
(514, 28, 469, '215000', '2019-05-01 13:55:02'),
(515, 28, 470, '215000', '2019-05-01 13:55:02'),
(516, 28, 471, '215000', '2019-05-01 13:55:02'),
(517, 28, 472, '215000', '2019-05-01 13:55:03'),
(518, 28, 473, '215000', '2019-05-01 13:55:03'),
(519, 28, 474, '215000', '2019-05-01 13:55:03'),
(520, 28, 475, '215000', '2019-05-01 13:55:03'),
(521, 28, 476, '215000', '2019-05-01 13:55:03'),
(522, 28, 477, '215000', '2019-05-01 13:55:03'),
(523, 28, 478, '215000', '2019-05-01 13:55:03'),
(524, 28, 479, '215000', '2019-05-01 13:55:03'),
(525, 28, 480, '215000', '2019-05-01 13:55:03'),
(526, 28, 481, '215000', '2019-05-01 13:55:03'),
(527, 28, 482, '215000', '2019-05-01 13:55:04'),
(528, 28, 483, '215000', '2019-05-01 13:55:04'),
(529, 28, 484, '215000', '2019-05-01 13:55:04'),
(530, 28, 485, '215000', '2019-05-01 13:55:04'),
(531, 28, 486, '215000', '2019-05-01 13:55:04'),
(532, 28, 487, '215000', '2019-05-01 13:55:04'),
(533, 28, 488, '215000', '2019-05-01 13:55:04'),
(534, 28, 489, '215000', '2019-05-01 13:55:04'),
(535, 28, 490, '215000', '2019-05-01 13:55:04'),
(536, 28, 491, '215000', '2019-05-01 13:55:04'),
(537, 28, 492, '215000', '2019-05-01 13:55:04'),
(538, 28, 493, '215000', '2019-05-01 13:55:04'),
(539, 28, 494, '215000', '2019-05-01 13:55:05'),
(540, 28, 495, '215000', '2019-05-01 13:55:05'),
(541, 28, 496, '215000', '2019-05-01 13:55:05'),
(542, 28, 497, '215000', '2019-05-01 13:55:05'),
(543, 28, 498, '215000', '2019-05-01 13:55:05'),
(544, 28, 499, '215000', '2019-05-01 13:55:05'),
(545, 31, 1, '190000', '2019-05-01 13:56:49'),
(546, 31, 2, '190000', '2019-05-01 13:56:49'),
(547, 31, 3, '190000', '2019-05-01 13:56:49'),
(548, 31, 4, '190000', '2019-05-01 13:56:49'),
(549, 31, 5, '190000', '2019-05-01 13:56:49'),
(550, 31, 6, '190000', '2019-05-01 13:56:49'),
(551, 31, 7, '190000', '2019-05-01 13:56:49'),
(552, 31, 8, '190000', '2019-05-01 13:56:49'),
(553, 31, 9, '190000', '2019-05-01 13:56:50'),
(554, 31, 10, '190000', '2019-05-01 13:56:50'),
(555, 31, 11, '190000', '2019-05-01 13:56:50'),
(556, 31, 12, '190000', '2019-05-01 13:56:50'),
(557, 31, 13, '180000', '2019-05-01 13:56:50'),
(558, 31, 14, '180000', '2019-05-01 13:56:50'),
(559, 31, 15, '180000', '2019-05-01 13:56:50'),
(560, 31, 16, '180000', '2019-05-01 13:56:50'),
(561, 31, 17, '180000', '2019-05-01 13:56:50'),
(562, 31, 18, '180000', '2019-05-01 13:56:50'),
(563, 31, 19, '180000', '2019-05-01 13:56:50'),
(564, 31, 20, '180000', '2019-05-01 13:56:50'),
(565, 31, 21, '180000', '2019-05-01 13:56:51'),
(566, 31, 22, '180000', '2019-05-01 13:56:51'),
(567, 31, 23, '180000', '2019-05-01 13:56:51'),
(568, 31, 24, '180000', '2019-05-01 13:56:51'),
(569, 31, 25, '180000', '2019-05-01 13:56:51'),
(570, 31, 26, '180000', '2019-05-01 13:56:51'),
(571, 31, 27, '180000', '2019-05-01 13:56:51'),
(572, 31, 28, '180000', '2019-05-01 13:56:51'),
(573, 31, 29, '180000', '2019-05-01 13:56:51'),
(574, 31, 30, '180000', '2019-05-01 13:56:52'),
(575, 31, 31, '180000', '2019-05-01 13:56:52'),
(576, 31, 32, '180000', '2019-05-01 13:56:52'),
(577, 31, 33, '180000', '2019-05-01 13:56:52'),
(578, 31, 34, '180000', '2019-05-01 13:56:52'),
(579, 31, 35, '180000', '2019-05-01 13:56:52'),
(580, 31, 36, '180000', '2019-05-01 13:56:52'),
(581, 31, 37, '180000', '2019-05-01 13:56:52'),
(582, 31, 38, '180000', '2019-05-01 13:56:52'),
(583, 31, 39, '180000', '2019-05-01 13:56:52'),
(584, 31, 40, '180000', '2019-05-01 13:56:52'),
(585, 31, 41, '180000', '2019-05-01 13:56:53'),
(586, 31, 42, '180000', '2019-05-01 13:56:53'),
(587, 31, 43, '180000', '2019-05-01 13:56:53'),
(588, 31, 44, '180000', '2019-05-01 13:56:53'),
(589, 31, 45, '180000', '2019-05-01 13:56:53'),
(590, 31, 46, '180000', '2019-05-01 13:56:53'),
(591, 31, 47, '180000', '2019-05-01 13:56:53'),
(592, 31, 48, '180000', '2019-05-01 13:56:53'),
(593, 31, 49, '180000', '2019-05-01 13:56:53'),
(594, 31, 50, '170000', '2019-05-01 13:56:53'),
(595, 31, 51, '170000', '2019-05-01 13:56:53'),
(596, 31, 52, '170000', '2019-05-01 13:56:53'),
(597, 31, 53, '170000', '2019-05-01 13:56:53'),
(598, 31, 54, '170000', '2019-05-01 13:56:53'),
(599, 31, 55, '170000', '2019-05-01 13:56:53'),
(600, 31, 56, '170000', '2019-05-01 13:56:53'),
(601, 31, 57, '170000', '2019-05-01 13:56:53'),
(602, 31, 58, '170000', '2019-05-01 13:56:54'),
(603, 31, 59, '170000', '2019-05-01 13:56:54'),
(604, 31, 60, '170000', '2019-05-01 13:56:54'),
(605, 31, 61, '170000', '2019-05-01 13:56:54'),
(606, 31, 62, '170000', '2019-05-01 13:56:54'),
(607, 31, 63, '170000', '2019-05-01 13:56:54'),
(608, 31, 64, '170000', '2019-05-01 13:56:54'),
(609, 31, 65, '170000', '2019-05-01 13:56:54'),
(610, 31, 66, '170000', '2019-05-01 13:56:55'),
(611, 31, 67, '170000', '2019-05-01 13:56:55'),
(612, 31, 68, '170000', '2019-05-01 13:56:55'),
(613, 31, 69, '170000', '2019-05-01 13:56:55'),
(614, 31, 70, '170000', '2019-05-01 13:56:55'),
(615, 31, 71, '170000', '2019-05-01 13:56:55'),
(616, 31, 72, '170000', '2019-05-01 13:56:55'),
(617, 31, 73, '170000', '2019-05-01 13:56:55'),
(618, 31, 74, '170000', '2019-05-01 13:56:55'),
(619, 31, 75, '170000', '2019-05-01 13:56:55'),
(620, 31, 76, '170000', '2019-05-01 13:56:55'),
(621, 31, 77, '170000', '2019-05-01 13:56:55'),
(622, 31, 78, '170000', '2019-05-01 13:56:55'),
(623, 31, 79, '170000', '2019-05-01 13:56:56'),
(624, 31, 80, '170000', '2019-05-01 13:56:56'),
(625, 31, 81, '170000', '2019-05-01 13:56:56'),
(626, 31, 82, '170000', '2019-05-01 13:56:56'),
(627, 31, 83, '170000', '2019-05-01 13:56:56'),
(628, 31, 84, '170000', '2019-05-01 13:56:56'),
(629, 31, 85, '170000', '2019-05-01 13:56:56'),
(630, 31, 86, '170000', '2019-05-01 13:56:56'),
(631, 31, 87, '170000', '2019-05-01 13:56:56'),
(632, 31, 88, '170000', '2019-05-01 13:56:56'),
(633, 31, 89, '170000', '2019-05-01 13:56:56'),
(634, 31, 90, '170000', '2019-05-01 13:56:56'),
(635, 31, 91, '170000', '2019-05-01 13:56:56'),
(636, 31, 92, '170000', '2019-05-01 13:56:56'),
(637, 31, 93, '170000', '2019-05-01 13:56:56'),
(638, 31, 94, '170000', '2019-05-01 13:56:56'),
(639, 31, 95, '170000', '2019-05-01 13:56:56'),
(640, 31, 96, '170000', '2019-05-01 13:56:57'),
(641, 31, 97, '170000', '2019-05-01 13:56:57'),
(642, 31, 98, '170000', '2019-05-01 13:56:57'),
(643, 31, 99, '170000', '2019-05-01 13:56:57'),
(644, 32, 1, '270000', '2019-05-01 13:57:46'),
(645, 32, 2, '270000', '2019-05-01 13:57:46'),
(646, 32, 3, '270000', '2019-05-01 13:57:46'),
(647, 32, 4, '250000', '2019-05-01 13:57:46'),
(648, 32, 5, '250000', '2019-05-01 13:57:46'),
(649, 32, 6, '250000', '2019-05-01 13:57:46'),
(650, 32, 7, '250000', '2019-05-01 13:57:47'),
(651, 32, 8, '250000', '2019-05-01 13:57:47'),
(652, 32, 9, '250000', '2019-05-01 13:57:47'),
(653, 32, 10, '250000', '2019-05-01 13:57:47'),
(654, 32, 11, '250000', '2019-05-01 13:57:47'),
(655, 32, 12, '250000', '2019-05-01 13:57:47'),
(656, 32, 13, '240000', '2019-05-01 13:57:47'),
(657, 32, 14, '240000', '2019-05-01 13:57:47'),
(658, 32, 15, '240000', '2019-05-01 13:57:47'),
(659, 32, 16, '240000', '2019-05-01 13:57:47'),
(660, 32, 17, '240000', '2019-05-01 13:57:47'),
(661, 32, 18, '240000', '2019-05-01 13:57:47'),
(662, 32, 19, '240000', '2019-05-01 13:57:48'),
(663, 32, 20, '240000', '2019-05-01 13:57:48'),
(664, 32, 21, '240000', '2019-05-01 13:57:48'),
(665, 32, 22, '240000', '2019-05-01 13:57:48'),
(666, 32, 23, '240000', '2019-05-01 13:57:48'),
(667, 32, 24, '240000', '2019-05-01 13:57:48'),
(668, 32, 25, '240000', '2019-05-01 13:57:48'),
(669, 32, 26, '240000', '2019-05-01 13:57:48'),
(670, 32, 27, '240000', '2019-05-01 13:57:48'),
(671, 32, 28, '240000', '2019-05-01 13:57:48'),
(672, 32, 29, '240000', '2019-05-01 13:57:48'),
(673, 32, 30, '240000', '2019-05-01 13:57:48'),
(674, 32, 31, '240000', '2019-05-01 13:57:48'),
(675, 32, 32, '240000', '2019-05-01 13:57:48'),
(676, 32, 33, '240000', '2019-05-01 13:57:48'),
(677, 32, 34, '240000', '2019-05-01 13:57:49'),
(678, 32, 35, '240000', '2019-05-01 13:57:49'),
(679, 32, 36, '240000', '2019-05-01 13:57:49'),
(680, 32, 37, '240000', '2019-05-01 13:57:49'),
(681, 32, 38, '240000', '2019-05-01 13:57:49'),
(682, 32, 39, '240000', '2019-05-01 13:57:49'),
(683, 32, 40, '240000', '2019-05-01 13:57:49'),
(684, 32, 41, '240000', '2019-05-01 13:57:49'),
(685, 32, 42, '240000', '2019-05-01 13:57:49'),
(686, 32, 43, '240000', '2019-05-01 13:57:49'),
(687, 32, 44, '240000', '2019-05-01 13:57:49'),
(688, 32, 45, '240000', '2019-05-01 13:57:49'),
(689, 32, 46, '240000', '2019-05-01 13:57:49'),
(690, 32, 47, '240000', '2019-05-01 13:57:49'),
(691, 32, 48, '240000', '2019-05-01 13:57:49'),
(692, 32, 49, '240000', '2019-05-01 13:57:49'),
(693, 32, 50, '240000', '2019-05-01 13:57:50'),
(694, 33, 1, '270000', '2019-05-01 13:58:44'),
(695, 33, 2, '270000', '2019-05-01 13:58:44'),
(696, 33, 3, '270000', '2019-05-01 13:58:44'),
(697, 33, 4, '250000', '2019-05-01 13:58:44'),
(698, 33, 5, '250000', '2019-05-01 13:58:45'),
(699, 33, 6, '250000', '2019-05-01 13:58:45'),
(700, 33, 7, '250000', '2019-05-01 13:58:45'),
(701, 33, 8, '250000', '2019-05-01 13:58:45'),
(702, 33, 9, '250000', '2019-05-01 13:58:45'),
(703, 33, 10, '250000', '2019-05-01 13:58:45'),
(704, 33, 11, '250000', '2019-05-01 13:58:45'),
(705, 33, 12, '250000', '2019-05-01 13:58:45'),
(706, 33, 13, '240000', '2019-05-01 13:58:45'),
(707, 33, 14, '240000', '2019-05-01 13:58:45'),
(708, 33, 15, '240000', '2019-05-01 13:58:45'),
(709, 33, 16, '240000', '2019-05-01 13:58:45'),
(710, 33, 17, '240000', '2019-05-01 13:58:45'),
(711, 33, 18, '240000', '2019-05-01 13:58:45'),
(712, 33, 19, '240000', '2019-05-01 13:58:45'),
(713, 33, 20, '240000', '2019-05-01 13:58:46'),
(714, 33, 21, '240000', '2019-05-01 13:58:46'),
(715, 33, 22, '240000', '2019-05-01 13:58:46'),
(716, 33, 23, '240000', '2019-05-01 13:58:46'),
(717, 33, 24, '240000', '2019-05-01 13:58:46'),
(718, 33, 25, '240000', '2019-05-01 13:58:46'),
(719, 33, 26, '240000', '2019-05-01 13:58:46'),
(720, 33, 27, '240000', '2019-05-01 13:58:46'),
(721, 33, 28, '240000', '2019-05-01 13:58:46'),
(722, 33, 29, '240000', '2019-05-01 13:58:46'),
(723, 33, 30, '240000', '2019-05-01 13:58:47'),
(724, 33, 31, '240000', '2019-05-01 13:58:47'),
(725, 33, 32, '240000', '2019-05-01 13:58:47'),
(726, 33, 33, '240000', '2019-05-01 13:58:47'),
(727, 33, 34, '240000', '2019-05-01 13:58:47'),
(728, 33, 35, '240000', '2019-05-01 13:58:47'),
(729, 33, 36, '240000', '2019-05-01 13:58:47'),
(730, 33, 37, '240000', '2019-05-01 13:58:47'),
(731, 33, 38, '240000', '2019-05-01 13:58:47'),
(732, 33, 39, '240000', '2019-05-01 13:58:47'),
(733, 33, 40, '240000', '2019-05-01 13:58:47'),
(734, 33, 41, '240000', '2019-05-01 13:58:47'),
(735, 33, 42, '240000', '2019-05-01 13:58:47'),
(736, 33, 43, '240000', '2019-05-01 13:58:47'),
(737, 33, 44, '240000', '2019-05-01 13:58:48'),
(738, 33, 45, '240000', '2019-05-01 13:58:48'),
(739, 33, 46, '240000', '2019-05-01 13:58:48'),
(740, 33, 47, '240000', '2019-05-01 13:58:48'),
(741, 33, 48, '240000', '2019-05-01 13:58:48'),
(742, 33, 49, '240000', '2019-05-01 13:58:48'),
(743, 33, 50, '240000', '2019-05-01 13:58:48'),
(794, 34, 1, '240000', '2019-05-01 14:04:49'),
(795, 34, 2, '240000', '2019-05-01 14:04:49'),
(796, 34, 3, '240000', '2019-05-01 14:04:49'),
(797, 34, 4, '240000', '2019-05-01 14:04:49'),
(798, 34, 5, '240000', '2019-05-01 14:04:49'),
(799, 34, 6, '240000', '2019-05-01 14:04:49'),
(800, 34, 7, '235000', '2019-05-01 14:04:49'),
(801, 34, 8, '235000', '2019-05-01 14:04:50'),
(802, 34, 9, '235000', '2019-05-01 14:04:50'),
(803, 34, 10, '235000', '2019-05-01 14:04:50'),
(804, 34, 11, '235000', '2019-05-01 14:04:50'),
(805, 34, 12, '235000', '2019-05-01 14:04:50'),
(806, 34, 13, '230000', '2019-05-01 14:04:50'),
(807, 34, 14, '230000', '2019-05-01 14:04:50'),
(808, 34, 15, '230000', '2019-05-01 14:04:50'),
(809, 34, 16, '230000', '2019-05-01 14:04:50'),
(810, 34, 17, '230000', '2019-05-01 14:04:50'),
(811, 34, 18, '230000', '2019-05-01 14:04:50'),
(812, 34, 19, '230000', '2019-05-01 14:04:50'),
(813, 34, 20, '230000', '2019-05-01 14:04:51'),
(814, 34, 21, '230000', '2019-05-01 14:04:51'),
(815, 34, 22, '230000', '2019-05-01 14:04:51'),
(816, 34, 23, '230000', '2019-05-01 14:04:51'),
(817, 34, 24, '230000', '2019-05-01 14:04:51'),
(818, 34, 25, '230000', '2019-05-01 14:04:51'),
(819, 34, 26, '230000', '2019-05-01 14:04:51'),
(820, 34, 27, '230000', '2019-05-01 14:04:51'),
(821, 34, 28, '230000', '2019-05-01 14:04:51'),
(822, 34, 29, '230000', '2019-05-01 14:04:51'),
(823, 34, 30, '230000', '2019-05-01 14:04:51'),
(824, 34, 31, '230000', '2019-05-01 14:04:51'),
(825, 34, 32, '230000', '2019-05-01 14:04:51'),
(826, 34, 33, '230000', '2019-05-01 14:04:51'),
(827, 34, 34, '230000', '2019-05-01 14:04:51'),
(828, 34, 35, '230000', '2019-05-01 14:04:51'),
(829, 34, 36, '230000', '2019-05-01 14:04:51'),
(830, 34, 37, '230000', '2019-05-01 14:04:51'),
(831, 34, 38, '230000', '2019-05-01 14:04:51'),
(832, 34, 39, '230000', '2019-05-01 14:04:51'),
(833, 34, 40, '230000', '2019-05-01 14:04:51'),
(834, 34, 41, '230000', '2019-05-01 14:04:51'),
(835, 34, 42, '230000', '2019-05-01 14:04:52'),
(836, 34, 43, '230000', '2019-05-01 14:04:52'),
(837, 34, 44, '230000', '2019-05-01 14:04:52'),
(838, 34, 45, '230000', '2019-05-01 14:04:52'),
(839, 34, 46, '230000', '2019-05-01 14:04:52'),
(840, 34, 47, '230000', '2019-05-01 14:04:52'),
(841, 34, 48, '230000', '2019-05-01 14:04:52'),
(842, 34, 49, '230000', '2019-05-01 14:04:52'),
(843, 35, 1, '190000', '2019-05-01 14:05:35'),
(844, 35, 2, '190000', '2019-05-01 14:05:35'),
(845, 35, 3, '190000', '2019-05-01 14:05:35'),
(846, 35, 4, '190000', '2019-05-01 14:05:35'),
(847, 35, 5, '190000', '2019-05-01 14:05:35'),
(848, 35, 6, '190000', '2019-05-01 14:05:36'),
(849, 35, 7, '185000', '2019-05-01 14:05:36'),
(850, 35, 8, '185000', '2019-05-01 14:05:36'),
(851, 35, 9, '185000', '2019-05-01 14:05:36'),
(852, 35, 10, '185000', '2019-05-01 14:05:36'),
(853, 35, 11, '185000', '2019-05-01 14:05:36'),
(854, 35, 12, '185000', '2019-05-01 14:05:36'),
(855, 35, 13, '180000', '2019-05-01 14:05:36'),
(856, 35, 14, '180000', '2019-05-01 14:05:36'),
(857, 35, 15, '180000', '2019-05-01 14:05:36'),
(858, 35, 16, '180000', '2019-05-01 14:05:36'),
(859, 35, 17, '180000', '2019-05-01 14:05:36'),
(860, 35, 18, '180000', '2019-05-01 14:05:37'),
(861, 35, 19, '180000', '2019-05-01 14:05:37'),
(862, 35, 20, '180000', '2019-05-01 14:05:37'),
(863, 35, 21, '180000', '2019-05-01 14:05:37'),
(864, 35, 22, '180000', '2019-05-01 14:05:37'),
(865, 35, 23, '180000', '2019-05-01 14:05:37'),
(866, 35, 24, '180000', '2019-05-01 14:05:37'),
(867, 35, 25, '180000', '2019-05-01 14:05:37'),
(868, 35, 26, '180000', '2019-05-01 14:05:38'),
(869, 35, 27, '180000', '2019-05-01 14:05:38'),
(870, 35, 28, '180000', '2019-05-01 14:05:38'),
(871, 35, 29, '180000', '2019-05-01 14:05:38'),
(872, 35, 30, '180000', '2019-05-01 14:05:38'),
(873, 35, 31, '180000', '2019-05-01 14:05:38'),
(874, 35, 32, '180000', '2019-05-01 14:05:38'),
(875, 35, 33, '180000', '2019-05-01 14:05:38'),
(876, 35, 34, '180000', '2019-05-01 14:05:38'),
(877, 35, 35, '180000', '2019-05-01 14:05:39'),
(878, 35, 36, '180000', '2019-05-01 14:05:39'),
(879, 35, 37, '180000', '2019-05-01 14:05:39'),
(880, 35, 38, '180000', '2019-05-01 14:05:39'),
(881, 35, 39, '180000', '2019-05-01 14:05:39'),
(882, 35, 40, '180000', '2019-05-01 14:05:39'),
(883, 35, 41, '180000', '2019-05-01 14:05:39'),
(884, 35, 42, '180000', '2019-05-01 14:05:39'),
(885, 35, 43, '180000', '2019-05-01 14:05:39'),
(886, 35, 44, '180000', '2019-05-01 14:05:39'),
(887, 35, 45, '180000', '2019-05-01 14:05:39'),
(888, 35, 46, '180000', '2019-05-01 14:05:39'),
(889, 35, 47, '180000', '2019-05-01 14:05:39'),
(890, 35, 48, '180000', '2019-05-01 14:05:39'),
(891, 35, 49, '180000', '2019-05-01 14:05:39'),
(892, 36, 1, '115000', '2019-05-01 14:06:18'),
(893, 36, 2, '115000', '2019-05-01 14:06:19'),
(894, 36, 3, '115000', '2019-05-01 14:06:20'),
(895, 36, 4, '115000', '2019-05-01 14:06:20'),
(896, 36, 5, '115000', '2019-05-01 14:06:20'),
(897, 36, 6, '115000', '2019-05-01 14:06:20'),
(898, 36, 7, '115000', '2019-05-01 14:06:20'),
(899, 36, 8, '115000', '2019-05-01 14:06:20'),
(900, 36, 9, '115000', '2019-05-01 14:06:20'),
(901, 36, 10, '115000', '2019-05-01 14:06:21'),
(902, 36, 11, '115000', '2019-05-01 14:06:21'),
(903, 36, 12, '115000', '2019-05-01 14:06:21'),
(904, 36, 13, '105000', '2019-05-01 14:06:21'),
(905, 36, 14, '105000', '2019-05-01 14:06:21'),
(906, 36, 15, '105000', '2019-05-01 14:06:21'),
(907, 36, 16, '105000', '2019-05-01 14:06:21'),
(908, 36, 17, '105000', '2019-05-01 14:06:21'),
(909, 36, 18, '105000', '2019-05-01 14:06:22'),
(910, 36, 19, '105000', '2019-05-01 14:06:22'),
(911, 36, 20, '105000', '2019-05-01 14:06:22'),
(912, 36, 21, '105000', '2019-05-01 14:06:22'),
(913, 36, 22, '105000', '2019-05-01 14:06:22'),
(914, 36, 23, '105000', '2019-05-01 14:06:22'),
(915, 36, 24, '105000', '2019-05-01 14:06:22'),
(916, 36, 25, '105000', '2019-05-01 14:06:22'),
(917, 36, 26, '105000', '2019-05-01 14:06:22'),
(918, 36, 27, '105000', '2019-05-01 14:06:23'),
(919, 36, 28, '105000', '2019-05-01 14:06:23'),
(920, 36, 29, '105000', '2019-05-01 14:06:23'),
(921, 36, 30, '105000', '2019-05-01 14:06:23'),
(922, 36, 31, '105000', '2019-05-01 14:06:23'),
(923, 36, 32, '105000', '2019-05-01 14:06:23'),
(924, 36, 33, '105000', '2019-05-01 14:06:23'),
(925, 36, 34, '105000', '2019-05-01 14:06:23'),
(926, 36, 35, '105000', '2019-05-01 14:06:23'),
(927, 36, 36, '105000', '2019-05-01 14:06:23'),
(928, 36, 37, '105000', '2019-05-01 14:06:23'),
(929, 36, 38, '105000', '2019-05-01 14:06:24'),
(930, 36, 39, '105000', '2019-05-01 14:06:24'),
(931, 36, 40, '105000', '2019-05-01 14:06:24'),
(932, 36, 41, '105000', '2019-05-01 14:06:24'),
(933, 36, 42, '105000', '2019-05-01 14:06:24'),
(934, 36, 43, '105000', '2019-05-01 14:06:24'),
(935, 36, 44, '105000', '2019-05-01 14:06:24'),
(936, 36, 45, '105000', '2019-05-01 14:06:25'),
(937, 36, 46, '105000', '2019-05-01 14:06:25'),
(938, 36, 47, '105000', '2019-05-01 14:06:25'),
(939, 36, 48, '105000', '2019-05-01 14:06:25'),
(940, 36, 49, '105000', '2019-05-01 14:06:25'),
(941, 37, 1, '140000', '2019-05-01 14:08:05'),
(942, 37, 2, '140000', '2019-05-01 14:08:05'),
(943, 37, 3, '140000', '2019-05-01 14:08:05'),
(944, 37, 4, '140000', '2019-05-01 14:08:05'),
(945, 37, 5, '140000', '2019-05-01 14:08:05'),
(946, 37, 6, '140000', '2019-05-01 14:08:05'),
(947, 37, 7, '140000', '2019-05-01 14:08:05'),
(948, 37, 8, '140000', '2019-05-01 14:08:05'),
(949, 37, 9, '140000', '2019-05-01 14:08:05'),
(950, 37, 10, '140000', '2019-05-01 14:08:05'),
(951, 37, 11, '140000', '2019-05-01 14:08:05'),
(952, 37, 12, '140000', '2019-05-01 14:08:06'),
(953, 37, 13, '135000', '2019-05-01 14:08:06'),
(954, 37, 14, '135000', '2019-05-01 14:08:06'),
(955, 37, 15, '135000', '2019-05-01 14:08:06'),
(956, 37, 16, '135000', '2019-05-01 14:08:06'),
(957, 37, 17, '135000', '2019-05-01 14:08:06'),
(958, 37, 18, '135000', '2019-05-01 14:08:06'),
(959, 37, 19, '135000', '2019-05-01 14:08:06'),
(960, 37, 20, '135000', '2019-05-01 14:08:06'),
(961, 37, 21, '135000', '2019-05-01 14:08:06'),
(962, 37, 22, '135000', '2019-05-01 14:08:06'),
(963, 37, 23, '135000', '2019-05-01 14:08:06'),
(964, 37, 24, '135000', '2019-05-01 14:08:06'),
(965, 37, 25, '135000', '2019-05-01 14:08:06'),
(966, 37, 26, '135000', '2019-05-01 14:08:06'),
(967, 37, 27, '135000', '2019-05-01 14:08:06'),
(968, 37, 28, '135000', '2019-05-01 14:08:06'),
(969, 37, 29, '135000', '2019-05-01 14:08:07'),
(970, 37, 30, '135000', '2019-05-01 14:08:07'),
(971, 37, 31, '135000', '2019-05-01 14:08:07'),
(972, 37, 32, '135000', '2019-05-01 14:08:07'),
(973, 37, 33, '135000', '2019-05-01 14:08:07'),
(974, 37, 34, '135000', '2019-05-01 14:08:07'),
(975, 37, 35, '135000', '2019-05-01 14:08:07'),
(976, 37, 36, '135000', '2019-05-01 14:08:07'),
(977, 37, 37, '135000', '2019-05-01 14:08:07'),
(978, 37, 38, '135000', '2019-05-01 14:08:07'),
(979, 37, 39, '135000', '2019-05-01 14:08:07'),
(980, 37, 40, '135000', '2019-05-01 14:08:08'),
(981, 37, 41, '135000', '2019-05-01 14:08:08'),
(982, 37, 42, '135000', '2019-05-01 14:08:08'),
(983, 37, 43, '135000', '2019-05-01 14:08:08'),
(984, 37, 44, '135000', '2019-05-01 14:08:08'),
(985, 37, 45, '135000', '2019-05-01 14:08:08'),
(986, 37, 46, '135000', '2019-05-01 14:08:08'),
(987, 37, 47, '135000', '2019-05-01 14:08:08'),
(988, 37, 48, '135000', '2019-05-01 14:08:08'),
(989, 37, 49, '135000', '2019-05-01 14:08:08'),
(990, 38, 1, '140000', '2019-05-01 14:08:38'),
(991, 38, 2, '140000', '2019-05-01 14:08:39'),
(992, 38, 3, '140000', '2019-05-01 14:08:39'),
(993, 38, 4, '140000', '2019-05-01 14:08:39'),
(994, 38, 5, '140000', '2019-05-01 14:08:39'),
(995, 38, 6, '140000', '2019-05-01 14:08:39'),
(996, 38, 7, '140000', '2019-05-01 14:08:39'),
(997, 38, 8, '140000', '2019-05-01 14:08:39'),
(998, 38, 9, '140000', '2019-05-01 14:08:39'),
(999, 38, 10, '140000', '2019-05-01 14:08:39'),
(1000, 38, 11, '140000', '2019-05-01 14:08:39'),
(1001, 38, 12, '140000', '2019-05-01 14:08:39'),
(1002, 38, 13, '135000', '2019-05-01 14:08:39'),
(1003, 38, 14, '135000', '2019-05-01 14:08:39'),
(1004, 38, 15, '135000', '2019-05-01 14:08:39'),
(1005, 38, 16, '135000', '2019-05-01 14:08:39'),
(1006, 38, 17, '135000', '2019-05-01 14:08:39'),
(1007, 38, 18, '135000', '2019-05-01 14:08:39'),
(1008, 38, 19, '135000', '2019-05-01 14:08:40'),
(1009, 38, 20, '135000', '2019-05-01 14:08:40'),
(1010, 38, 21, '135000', '2019-05-01 14:08:40'),
(1011, 38, 22, '135000', '2019-05-01 14:08:40'),
(1012, 38, 23, '135000', '2019-05-01 14:08:40'),
(1013, 38, 24, '135000', '2019-05-01 14:08:40'),
(1014, 38, 25, '135000', '2019-05-01 14:08:40'),
(1015, 38, 26, '135000', '2019-05-01 14:08:40'),
(1016, 38, 27, '135000', '2019-05-01 14:08:40'),
(1017, 38, 28, '135000', '2019-05-01 14:08:40'),
(1018, 38, 29, '135000', '2019-05-01 14:08:41'),
(1019, 38, 30, '135000', '2019-05-01 14:08:41'),
(1020, 38, 31, '135000', '2019-05-01 14:08:41'),
(1021, 38, 32, '135000', '2019-05-01 14:08:41'),
(1022, 38, 33, '135000', '2019-05-01 14:08:41'),
(1023, 38, 34, '135000', '2019-05-01 14:08:41'),
(1024, 38, 35, '135000', '2019-05-01 14:08:41'),
(1025, 38, 36, '135000', '2019-05-01 14:08:41'),
(1026, 38, 37, '135000', '2019-05-01 14:08:41'),
(1027, 38, 38, '135000', '2019-05-01 14:08:41'),
(1028, 38, 39, '135000', '2019-05-01 14:08:41'),
(1029, 38, 40, '135000', '2019-05-01 14:08:41'),
(1030, 38, 41, '135000', '2019-05-01 14:08:41'),
(1031, 38, 42, '135000', '2019-05-01 14:08:41'),
(1032, 38, 43, '135000', '2019-05-01 14:08:41'),
(1033, 38, 44, '135000', '2019-05-01 14:08:41'),
(1034, 38, 45, '135000', '2019-05-01 14:08:42'),
(1035, 38, 46, '135000', '2019-05-01 14:08:42'),
(1036, 38, 47, '135000', '2019-05-01 14:08:42'),
(1037, 38, 48, '135000', '2019-05-01 14:08:42'),
(1038, 38, 49, '135000', '2019-05-01 14:08:42'),
(1039, 39, 1, '90000', '2019-05-01 14:09:07'),
(1040, 39, 2, '90000', '2019-05-01 14:09:07'),
(1041, 39, 3, '90000', '2019-05-01 14:09:07'),
(1042, 39, 4, '90000', '2019-05-01 14:09:07'),
(1043, 39, 5, '90000', '2019-05-01 14:09:07'),
(1044, 39, 6, '90000', '2019-05-01 14:09:07'),
(1045, 39, 7, '90000', '2019-05-01 14:09:07'),
(1046, 39, 8, '90000', '2019-05-01 14:09:07'),
(1047, 39, 9, '90000', '2019-05-01 14:09:08'),
(1048, 39, 10, '90000', '2019-05-01 14:09:08'),
(1049, 39, 11, '90000', '2019-05-01 14:09:08'),
(1050, 39, 12, '90000', '2019-05-01 14:09:08'),
(1051, 39, 13, '85000', '2019-05-01 14:09:08'),
(1052, 39, 14, '85000', '2019-05-01 14:09:08'),
(1053, 39, 15, '85000', '2019-05-01 14:09:08'),
(1054, 39, 16, '85000', '2019-05-01 14:09:08'),
(1055, 39, 17, '85000', '2019-05-01 14:09:08'),
(1056, 39, 18, '85000', '2019-05-01 14:09:09'),
(1057, 39, 19, '85000', '2019-05-01 14:09:09'),
(1058, 39, 20, '85000', '2019-05-01 14:09:09'),
(1059, 39, 21, '85000', '2019-05-01 14:09:09'),
(1060, 39, 22, '85000', '2019-05-01 14:09:09'),
(1061, 39, 23, '85000', '2019-05-01 14:09:09'),
(1062, 39, 24, '85000', '2019-05-01 14:09:09'),
(1063, 39, 25, '85000', '2019-05-01 14:09:09'),
(1064, 39, 26, '85000', '2019-05-01 14:09:09'),
(1065, 39, 27, '85000', '2019-05-01 14:09:09'),
(1066, 39, 28, '85000', '2019-05-01 14:09:09'),
(1067, 39, 29, '85000', '2019-05-01 14:09:10'),
(1068, 39, 30, '85000', '2019-05-01 14:09:10'),
(1069, 39, 31, '85000', '2019-05-01 14:09:10'),
(1070, 39, 32, '85000', '2019-05-01 14:09:10'),
(1071, 39, 33, '85000', '2019-05-01 14:09:10'),
(1072, 39, 34, '85000', '2019-05-01 14:09:10'),
(1073, 39, 35, '85000', '2019-05-01 14:09:10'),
(1074, 39, 36, '85000', '2019-05-01 14:09:10'),
(1075, 39, 37, '85000', '2019-05-01 14:09:10'),
(1076, 39, 38, '85000', '2019-05-01 14:09:10'),
(1077, 39, 39, '85000', '2019-05-01 14:09:10'),
(1078, 39, 40, '85000', '2019-05-01 14:09:10'),
(1079, 39, 41, '85000', '2019-05-01 14:09:10'),
(1080, 39, 42, '85000', '2019-05-01 14:09:10'),
(1081, 39, 43, '85000', '2019-05-01 14:09:10'),
(1082, 39, 44, '85000', '2019-05-01 14:09:10'),
(1083, 39, 45, '85000', '2019-05-01 14:09:10'),
(1084, 39, 46, '85000', '2019-05-01 14:09:11'),
(1085, 39, 47, '85000', '2019-05-01 14:09:11'),
(1086, 39, 48, '85000', '2019-05-01 14:09:11'),
(1087, 39, 49, '85000', '2019-05-01 14:09:11'),
(1088, 40, 1, '190000', '2019-05-01 14:09:41'),
(1089, 40, 2, '190000', '2019-05-01 14:09:41'),
(1090, 40, 3, '190000', '2019-05-01 14:09:41'),
(1091, 40, 4, '190000', '2019-05-01 14:09:41'),
(1092, 40, 5, '190000', '2019-05-01 14:09:41'),
(1093, 40, 6, '190000', '2019-05-01 14:09:41'),
(1094, 40, 7, '190000', '2019-05-01 14:09:41'),
(1095, 40, 8, '190000', '2019-05-01 14:09:41'),
(1096, 40, 9, '190000', '2019-05-01 14:09:41'),
(1097, 40, 10, '190000', '2019-05-01 14:09:41'),
(1098, 40, 11, '190000', '2019-05-01 14:09:42'),
(1099, 40, 12, '190000', '2019-05-01 14:09:42'),
(1100, 40, 13, '185000', '2019-05-01 14:09:42'),
(1101, 40, 14, '185000', '2019-05-01 14:09:42'),
(1102, 40, 15, '185000', '2019-05-01 14:09:42'),
(1103, 40, 16, '185000', '2019-05-01 14:09:42'),
(1104, 40, 17, '185000', '2019-05-01 14:09:42'),
(1105, 40, 18, '185000', '2019-05-01 14:09:42'),
(1106, 40, 19, '185000', '2019-05-01 14:09:42'),
(1107, 40, 20, '185000', '2019-05-01 14:09:42'),
(1108, 40, 21, '185000', '2019-05-01 14:09:42'),
(1109, 40, 22, '185000', '2019-05-01 14:09:42'),
(1110, 40, 23, '185000', '2019-05-01 14:09:42'),
(1111, 40, 24, '185000', '2019-05-01 14:09:42'),
(1112, 40, 25, '185000', '2019-05-01 14:09:42'),
(1113, 40, 26, '185000', '2019-05-01 14:09:42'),
(1114, 40, 27, '185000', '2019-05-01 14:09:43'),
(1115, 40, 28, '185000', '2019-05-01 14:09:43'),
(1116, 40, 29, '185000', '2019-05-01 14:09:43'),
(1117, 40, 30, '185000', '2019-05-01 14:09:43'),
(1118, 40, 31, '185000', '2019-05-01 14:09:43'),
(1119, 40, 32, '185000', '2019-05-01 14:09:43'),
(1120, 40, 33, '185000', '2019-05-01 14:09:43'),
(1121, 40, 34, '185000', '2019-05-01 14:09:43'),
(1122, 40, 35, '185000', '2019-05-01 14:09:43'),
(1123, 40, 36, '185000', '2019-05-01 14:09:43'),
(1124, 40, 37, '185000', '2019-05-01 14:09:43'),
(1125, 40, 38, '185000', '2019-05-01 14:09:43'),
(1126, 40, 39, '185000', '2019-05-01 14:09:43'),
(1127, 40, 40, '185000', '2019-05-01 14:09:43'),
(1128, 40, 41, '185000', '2019-05-01 14:09:43'),
(1129, 40, 42, '185000', '2019-05-01 14:09:43'),
(1130, 40, 43, '185000', '2019-05-01 14:09:43'),
(1131, 40, 44, '185000', '2019-05-01 14:09:43'),
(1132, 40, 45, '185000', '2019-05-01 14:09:44'),
(1133, 40, 46, '185000', '2019-05-01 14:09:44'),
(1134, 40, 47, '185000', '2019-05-01 14:09:44'),
(1135, 40, 48, '185000', '2019-05-01 14:09:44'),
(1136, 40, 49, '185000', '2019-05-01 14:09:44'),
(1137, 41, 1, '190000', '2019-05-01 14:10:19'),
(1138, 41, 2, '190000', '2019-05-01 14:10:19'),
(1139, 41, 3, '190000', '2019-05-01 14:10:19'),
(1140, 41, 4, '190000', '2019-05-01 14:10:19'),
(1141, 41, 5, '190000', '2019-05-01 14:10:19'),
(1142, 41, 6, '190000', '2019-05-01 14:10:19'),
(1143, 41, 7, '190000', '2019-05-01 14:10:19'),
(1144, 41, 8, '190000', '2019-05-01 14:10:19'),
(1145, 41, 9, '190000', '2019-05-01 14:10:19'),
(1146, 41, 10, '190000', '2019-05-01 14:10:20'),
(1147, 41, 11, '190000', '2019-05-01 14:10:20'),
(1148, 41, 12, '190000', '2019-05-01 14:10:20'),
(1149, 41, 13, '185000', '2019-05-01 14:10:20'),
(1150, 41, 14, '185000', '2019-05-01 14:10:20'),
(1151, 41, 15, '185000', '2019-05-01 14:10:20'),
(1152, 41, 16, '185000', '2019-05-01 14:10:20'),
(1153, 41, 17, '185000', '2019-05-01 14:10:20'),
(1154, 41, 18, '185000', '2019-05-01 14:10:20'),
(1155, 41, 19, '185000', '2019-05-01 14:10:20'),
(1156, 41, 20, '185000', '2019-05-01 14:10:20'),
(1157, 41, 21, '185000', '2019-05-01 14:10:20'),
(1158, 41, 22, '185000', '2019-05-01 14:10:20'),
(1159, 41, 23, '185000', '2019-05-01 14:10:20'),
(1160, 41, 24, '185000', '2019-05-01 14:10:20'),
(1161, 41, 25, '185000', '2019-05-01 14:10:20'),
(1162, 41, 26, '185000', '2019-05-01 14:10:20'),
(1163, 41, 27, '185000', '2019-05-01 14:10:21'),
(1164, 41, 28, '185000', '2019-05-01 14:10:21'),
(1165, 41, 29, '185000', '2019-05-01 14:10:21'),
(1166, 41, 30, '185000', '2019-05-01 14:10:21'),
(1167, 41, 31, '185000', '2019-05-01 14:10:21'),
(1168, 41, 32, '185000', '2019-05-01 14:10:21'),
(1169, 41, 33, '185000', '2019-05-01 14:10:21'),
(1170, 41, 34, '185000', '2019-05-01 14:10:21'),
(1171, 41, 35, '185000', '2019-05-01 14:10:21'),
(1172, 41, 36, '185000', '2019-05-01 14:10:22'),
(1173, 41, 37, '185000', '2019-05-01 14:10:22');
INSERT INTO `barang_reseller` (`br_id`, `barang_id`, `br_kuantitas`, `br_harga`, `br_tanggal`) VALUES
(1174, 41, 38, '185000', '2019-05-01 14:10:22'),
(1175, 41, 39, '185000', '2019-05-01 14:10:22'),
(1176, 41, 40, '185000', '2019-05-01 14:10:22'),
(1177, 41, 41, '185000', '2019-05-01 14:10:22'),
(1178, 41, 42, '185000', '2019-05-01 14:10:22'),
(1179, 41, 43, '185000', '2019-05-01 14:10:22'),
(1180, 41, 44, '185000', '2019-05-01 14:10:22'),
(1181, 41, 45, '185000', '2019-05-01 14:10:23'),
(1182, 41, 46, '185000', '2019-05-01 14:10:23'),
(1183, 41, 47, '185000', '2019-05-01 14:10:23'),
(1184, 41, 48, '185000', '2019-05-01 14:10:23'),
(1185, 41, 49, '185000', '2019-05-01 14:10:23'),
(1186, 42, 1, '105000', '2019-05-01 14:11:09'),
(1187, 42, 2, '105000', '2019-05-01 14:11:09'),
(1188, 42, 3, '105000', '2019-05-01 14:11:09'),
(1189, 42, 4, '105000', '2019-05-01 14:11:09'),
(1190, 42, 5, '105000', '2019-05-01 14:11:09'),
(1191, 42, 6, '105000', '2019-05-01 14:11:09'),
(1192, 42, 7, '105000', '2019-05-01 14:11:09'),
(1193, 42, 8, '105000', '2019-05-01 14:11:09'),
(1194, 42, 9, '105000', '2019-05-01 14:11:09'),
(1195, 42, 10, '105000', '2019-05-01 14:11:09'),
(1196, 42, 11, '105000', '2019-05-01 14:11:09'),
(1197, 42, 12, '105000', '2019-05-01 14:11:09'),
(1198, 42, 13, '100000', '2019-05-01 14:11:09'),
(1199, 42, 14, '100000', '2019-05-01 14:11:09'),
(1200, 42, 15, '100000', '2019-05-01 14:11:09'),
(1201, 42, 16, '100000', '2019-05-01 14:11:10'),
(1202, 42, 17, '100000', '2019-05-01 14:11:10'),
(1203, 42, 18, '100000', '2019-05-01 14:11:10'),
(1204, 42, 19, '100000', '2019-05-01 14:11:10'),
(1205, 42, 20, '100000', '2019-05-01 14:11:10'),
(1206, 42, 21, '100000', '2019-05-01 14:11:10'),
(1207, 42, 22, '100000', '2019-05-01 14:11:10'),
(1208, 42, 23, '100000', '2019-05-01 14:11:10'),
(1209, 42, 24, '100000', '2019-05-01 14:11:10'),
(1210, 42, 25, '100000', '2019-05-01 14:11:10'),
(1211, 42, 26, '100000', '2019-05-01 14:11:10'),
(1212, 42, 27, '100000', '2019-05-01 14:11:10'),
(1213, 42, 28, '100000', '2019-05-01 14:11:10'),
(1214, 42, 29, '100000', '2019-05-01 14:11:11'),
(1215, 42, 30, '100000', '2019-05-01 14:11:11'),
(1216, 42, 31, '100000', '2019-05-01 14:11:11'),
(1217, 42, 32, '100000', '2019-05-01 14:11:11'),
(1218, 42, 33, '100000', '2019-05-01 14:11:11'),
(1219, 42, 34, '100000', '2019-05-01 14:11:11'),
(1220, 42, 35, '100000', '2019-05-01 14:11:11'),
(1221, 42, 36, '100000', '2019-05-01 14:11:11'),
(1222, 42, 37, '100000', '2019-05-01 14:11:11'),
(1223, 42, 38, '100000', '2019-05-01 14:11:12'),
(1224, 42, 39, '100000', '2019-05-01 14:11:12'),
(1225, 42, 40, '100000', '2019-05-01 14:11:12'),
(1226, 42, 41, '100000', '2019-05-01 14:11:12'),
(1227, 42, 42, '100000', '2019-05-01 14:11:12'),
(1228, 42, 43, '100000', '2019-05-01 14:11:12'),
(1229, 42, 44, '100000', '2019-05-01 14:11:12'),
(1230, 42, 45, '100000', '2019-05-01 14:11:12'),
(1231, 42, 46, '100000', '2019-05-01 14:11:12'),
(1232, 42, 47, '100000', '2019-05-01 14:11:12'),
(1233, 42, 48, '100000', '2019-05-01 14:11:12'),
(1234, 42, 49, '100000', '2019-05-01 14:11:12'),
(1235, 43, 1, '105000', '2019-05-01 14:12:18'),
(1236, 43, 2, '105000', '2019-05-01 14:12:19'),
(1237, 43, 3, '105000', '2019-05-01 14:12:19'),
(1238, 43, 4, '105000', '2019-05-01 14:12:19'),
(1239, 43, 5, '105000', '2019-05-01 14:12:19'),
(1240, 43, 6, '105000', '2019-05-01 14:12:19'),
(1241, 43, 7, '105000', '2019-05-01 14:12:19'),
(1242, 43, 8, '105000', '2019-05-01 14:12:19'),
(1243, 43, 9, '105000', '2019-05-01 14:12:19'),
(1244, 43, 10, '105000', '2019-05-01 14:12:19'),
(1245, 43, 11, '105000', '2019-05-01 14:12:19'),
(1246, 43, 12, '105000', '2019-05-01 14:12:19'),
(1247, 43, 13, '100000', '2019-05-01 14:12:19'),
(1248, 43, 14, '100000', '2019-05-01 14:12:19'),
(1249, 43, 15, '100000', '2019-05-01 14:12:19'),
(1250, 43, 16, '100000', '2019-05-01 14:12:19'),
(1251, 43, 17, '100000', '2019-05-01 14:12:19'),
(1252, 43, 18, '100000', '2019-05-01 14:12:20'),
(1253, 43, 19, '100000', '2019-05-01 14:12:20'),
(1254, 43, 20, '100000', '2019-05-01 14:12:20'),
(1255, 43, 21, '100000', '2019-05-01 14:12:20'),
(1256, 43, 22, '100000', '2019-05-01 14:12:20'),
(1257, 43, 23, '100000', '2019-05-01 14:12:20'),
(1258, 43, 24, '100000', '2019-05-01 14:12:20'),
(1259, 43, 25, '100000', '2019-05-01 14:12:20'),
(1260, 43, 26, '100000', '2019-05-01 14:12:20'),
(1261, 43, 27, '100000', '2019-05-01 14:12:20'),
(1262, 43, 28, '100000', '2019-05-01 14:12:20'),
(1263, 43, 29, '100000', '2019-05-01 14:12:20'),
(1264, 43, 30, '100000', '2019-05-01 14:12:20'),
(1265, 43, 31, '100000', '2019-05-01 14:12:20'),
(1266, 43, 32, '100000', '2019-05-01 14:12:20'),
(1267, 43, 33, '100000', '2019-05-01 14:12:20'),
(1268, 43, 34, '100000', '2019-05-01 14:12:20'),
(1269, 43, 35, '100000', '2019-05-01 14:12:21'),
(1270, 43, 36, '100000', '2019-05-01 14:12:21'),
(1271, 43, 37, '100000', '2019-05-01 14:12:21'),
(1272, 43, 38, '100000', '2019-05-01 14:12:21'),
(1273, 43, 39, '100000', '2019-05-01 14:12:21'),
(1274, 43, 40, '100000', '2019-05-01 14:12:21'),
(1275, 43, 41, '100000', '2019-05-01 14:12:21'),
(1276, 43, 42, '100000', '2019-05-01 14:12:21'),
(1277, 43, 43, '100000', '2019-05-01 14:12:21'),
(1278, 43, 44, '100000', '2019-05-01 14:12:21'),
(1279, 43, 45, '100000', '2019-05-01 14:12:21'),
(1280, 43, 46, '100000', '2019-05-01 14:12:22'),
(1281, 43, 47, '100000', '2019-05-01 14:12:22'),
(1282, 43, 48, '100000', '2019-05-01 14:12:22'),
(1283, 43, 49, '100000', '2019-05-01 14:12:22'),
(1284, 44, 1, '105000', '2019-05-01 14:12:45'),
(1285, 44, 2, '105000', '2019-05-01 14:12:45'),
(1286, 44, 3, '105000', '2019-05-01 14:12:45'),
(1287, 44, 4, '105000', '2019-05-01 14:12:45'),
(1288, 44, 5, '105000', '2019-05-01 14:12:45'),
(1289, 44, 6, '105000', '2019-05-01 14:12:45'),
(1290, 44, 7, '105000', '2019-05-01 14:12:46'),
(1291, 44, 8, '105000', '2019-05-01 14:12:46'),
(1292, 44, 9, '105000', '2019-05-01 14:12:46'),
(1293, 44, 10, '105000', '2019-05-01 14:12:46'),
(1294, 44, 11, '105000', '2019-05-01 14:12:46'),
(1295, 44, 12, '105000', '2019-05-01 14:12:46'),
(1296, 44, 13, '100000', '2019-05-01 14:12:46'),
(1297, 44, 14, '100000', '2019-05-01 14:12:46'),
(1298, 44, 15, '100000', '2019-05-01 14:12:47'),
(1299, 44, 16, '100000', '2019-05-01 14:12:47'),
(1300, 44, 17, '100000', '2019-05-01 14:12:47'),
(1301, 44, 18, '100000', '2019-05-01 14:12:47'),
(1302, 44, 19, '100000', '2019-05-01 14:12:47'),
(1303, 44, 20, '100000', '2019-05-01 14:12:47'),
(1304, 44, 21, '100000', '2019-05-01 14:12:47'),
(1305, 44, 22, '100000', '2019-05-01 14:12:47'),
(1306, 44, 23, '100000', '2019-05-01 14:12:47'),
(1307, 44, 24, '100000', '2019-05-01 14:12:47'),
(1308, 44, 25, '100000', '2019-05-01 14:12:48'),
(1309, 44, 26, '100000', '2019-05-01 14:12:48'),
(1310, 44, 27, '100000', '2019-05-01 14:12:48'),
(1311, 44, 28, '100000', '2019-05-01 14:12:48'),
(1312, 44, 29, '100000', '2019-05-01 14:12:48'),
(1313, 44, 30, '100000', '2019-05-01 14:12:48'),
(1314, 44, 31, '100000', '2019-05-01 14:12:48'),
(1315, 44, 32, '100000', '2019-05-01 14:12:48'),
(1316, 44, 33, '100000', '2019-05-01 14:12:48'),
(1317, 44, 34, '100000', '2019-05-01 14:12:48'),
(1318, 44, 35, '100000', '2019-05-01 14:12:48'),
(1319, 44, 36, '100000', '2019-05-01 14:12:48'),
(1320, 44, 37, '100000', '2019-05-01 14:12:48'),
(1321, 44, 38, '100000', '2019-05-01 14:12:48'),
(1322, 44, 39, '100000', '2019-05-01 14:12:49'),
(1323, 44, 40, '100000', '2019-05-01 14:12:49'),
(1324, 44, 41, '100000', '2019-05-01 14:12:49'),
(1325, 44, 42, '100000', '2019-05-01 14:12:49'),
(1326, 44, 43, '100000', '2019-05-01 14:12:49'),
(1327, 44, 44, '100000', '2019-05-01 14:12:49'),
(1328, 44, 45, '100000', '2019-05-01 14:12:49'),
(1329, 44, 46, '100000', '2019-05-01 14:12:49'),
(1330, 44, 47, '100000', '2019-05-01 14:12:49'),
(1331, 44, 48, '100000', '2019-05-01 14:12:49'),
(1332, 44, 49, '100000', '2019-05-01 14:12:49'),
(1333, 45, 1, '105000', '2019-05-01 14:13:17'),
(1334, 45, 2, '105000', '2019-05-01 14:13:17'),
(1335, 45, 3, '105000', '2019-05-01 14:13:17'),
(1336, 45, 4, '105000', '2019-05-01 14:13:17'),
(1337, 45, 5, '105000', '2019-05-01 14:13:17'),
(1338, 45, 6, '105000', '2019-05-01 14:13:17'),
(1339, 45, 7, '105000', '2019-05-01 14:13:17'),
(1340, 45, 8, '105000', '2019-05-01 14:13:17'),
(1341, 45, 9, '105000', '2019-05-01 14:13:17'),
(1342, 45, 10, '105000', '2019-05-01 14:13:17'),
(1343, 45, 11, '105000', '2019-05-01 14:13:17'),
(1344, 45, 12, '105000', '2019-05-01 14:13:18'),
(1345, 45, 13, '100000', '2019-05-01 14:13:18'),
(1346, 45, 14, '100000', '2019-05-01 14:13:18'),
(1347, 45, 15, '100000', '2019-05-01 14:13:18'),
(1348, 45, 16, '100000', '2019-05-01 14:13:18'),
(1349, 45, 17, '100000', '2019-05-01 14:13:18'),
(1350, 45, 18, '100000', '2019-05-01 14:13:18'),
(1351, 45, 19, '100000', '2019-05-01 14:13:19'),
(1352, 45, 20, '100000', '2019-05-01 14:13:19'),
(1353, 45, 21, '100000', '2019-05-01 14:13:19'),
(1354, 45, 22, '100000', '2019-05-01 14:13:19'),
(1355, 45, 23, '100000', '2019-05-01 14:13:19'),
(1356, 45, 24, '100000', '2019-05-01 14:13:19'),
(1357, 45, 25, '100000', '2019-05-01 14:13:19'),
(1358, 45, 26, '100000', '2019-05-01 14:13:19'),
(1359, 45, 27, '100000', '2019-05-01 14:13:20'),
(1360, 45, 28, '100000', '2019-05-01 14:13:20'),
(1361, 45, 29, '100000', '2019-05-01 14:13:20'),
(1362, 45, 30, '100000', '2019-05-01 14:13:20'),
(1363, 45, 31, '100000', '2019-05-01 14:13:20'),
(1364, 45, 32, '100000', '2019-05-01 14:13:20'),
(1365, 45, 33, '100000', '2019-05-01 14:13:20'),
(1366, 45, 34, '100000', '2019-05-01 14:13:20'),
(1367, 45, 35, '100000', '2019-05-01 14:13:20'),
(1368, 45, 36, '100000', '2019-05-01 14:13:20'),
(1369, 45, 37, '100000', '2019-05-01 14:13:21'),
(1370, 45, 38, '100000', '2019-05-01 14:13:21'),
(1371, 45, 39, '100000', '2019-05-01 14:13:21'),
(1372, 45, 40, '100000', '2019-05-01 14:13:21'),
(1373, 45, 41, '100000', '2019-05-01 14:13:21'),
(1374, 45, 42, '100000', '2019-05-01 14:13:21'),
(1375, 45, 43, '100000', '2019-05-01 14:13:21'),
(1376, 45, 44, '100000', '2019-05-01 14:13:21'),
(1377, 45, 45, '100000', '2019-05-01 14:13:21'),
(1378, 45, 46, '100000', '2019-05-01 14:13:21'),
(1379, 45, 47, '100000', '2019-05-01 14:13:21'),
(1380, 45, 48, '100000', '2019-05-01 14:13:21'),
(1381, 45, 49, '100000', '2019-05-01 14:13:21'),
(1382, 46, 1, '105000', '2019-05-01 14:14:06'),
(1383, 46, 2, '105000', '2019-05-01 14:14:06'),
(1384, 46, 3, '105000', '2019-05-01 14:14:06'),
(1385, 46, 4, '105000', '2019-05-01 14:14:06'),
(1386, 46, 5, '105000', '2019-05-01 14:14:06'),
(1387, 46, 6, '105000', '2019-05-01 14:14:06'),
(1388, 46, 7, '105000', '2019-05-01 14:14:06'),
(1389, 46, 8, '105000', '2019-05-01 14:14:06'),
(1390, 46, 9, '105000', '2019-05-01 14:14:06'),
(1391, 46, 10, '105000', '2019-05-01 14:14:06'),
(1392, 46, 11, '105000', '2019-05-01 14:14:06'),
(1393, 46, 12, '105000', '2019-05-01 14:14:06'),
(1394, 46, 13, '100000', '2019-05-01 14:14:06'),
(1395, 46, 14, '100000', '2019-05-01 14:14:06'),
(1396, 46, 15, '100000', '2019-05-01 14:14:07'),
(1397, 46, 16, '100000', '2019-05-01 14:14:07'),
(1398, 46, 17, '100000', '2019-05-01 14:14:07'),
(1399, 46, 18, '100000', '2019-05-01 14:14:07'),
(1400, 46, 19, '100000', '2019-05-01 14:14:07'),
(1401, 46, 20, '100000', '2019-05-01 14:14:07'),
(1402, 46, 21, '100000', '2019-05-01 14:14:07'),
(1403, 46, 22, '100000', '2019-05-01 14:14:07'),
(1404, 46, 23, '100000', '2019-05-01 14:14:07'),
(1405, 46, 24, '100000', '2019-05-01 14:14:08'),
(1406, 46, 25, '100000', '2019-05-01 14:14:08'),
(1407, 46, 26, '100000', '2019-05-01 14:14:08'),
(1408, 46, 27, '100000', '2019-05-01 14:14:08'),
(1409, 46, 28, '100000', '2019-05-01 14:14:08'),
(1410, 46, 29, '100000', '2019-05-01 14:14:08'),
(1411, 46, 30, '100000', '2019-05-01 14:14:08'),
(1412, 46, 31, '100000', '2019-05-01 14:14:08'),
(1413, 46, 32, '100000', '2019-05-01 14:14:09'),
(1414, 46, 33, '100000', '2019-05-01 14:14:09'),
(1415, 46, 34, '100000', '2019-05-01 14:14:09'),
(1416, 46, 35, '100000', '2019-05-01 14:14:09'),
(1417, 46, 36, '100000', '2019-05-01 14:14:09'),
(1418, 46, 37, '100000', '2019-05-01 14:14:09'),
(1419, 46, 38, '100000', '2019-05-01 14:14:09'),
(1420, 46, 39, '100000', '2019-05-01 14:14:09'),
(1421, 46, 40, '100000', '2019-05-01 14:14:09'),
(1422, 46, 41, '100000', '2019-05-01 14:14:09'),
(1423, 46, 42, '100000', '2019-05-01 14:14:10'),
(1424, 46, 43, '100000', '2019-05-01 14:14:10'),
(1425, 46, 44, '100000', '2019-05-01 14:14:10'),
(1426, 46, 45, '100000', '2019-05-01 14:14:10'),
(1427, 46, 46, '100000', '2019-05-01 14:14:10'),
(1428, 46, 47, '100000', '2019-05-01 14:14:10'),
(1429, 46, 48, '100000', '2019-05-01 14:14:10'),
(1430, 46, 49, '100000', '2019-05-01 14:14:10'),
(1431, 47, 1, '90000', '2019-05-01 14:14:43'),
(1432, 47, 2, '90000', '2019-05-01 14:14:43'),
(1433, 47, 3, '90000', '2019-05-01 14:14:43'),
(1434, 47, 4, '90000', '2019-05-01 14:14:43'),
(1435, 47, 5, '90000', '2019-05-01 14:14:43'),
(1436, 47, 6, '90000', '2019-05-01 14:14:43'),
(1437, 47, 7, '90000', '2019-05-01 14:14:43'),
(1438, 47, 8, '90000', '2019-05-01 14:14:43'),
(1439, 47, 9, '90000', '2019-05-01 14:14:43'),
(1440, 47, 10, '90000', '2019-05-01 14:14:43'),
(1441, 47, 11, '90000', '2019-05-01 14:14:43'),
(1442, 47, 12, '90000', '2019-05-01 14:14:43'),
(1443, 47, 13, '80000', '2019-05-01 14:14:43'),
(1444, 47, 14, '80000', '2019-05-01 14:14:43'),
(1445, 47, 15, '80000', '2019-05-01 14:14:43'),
(1446, 47, 16, '80000', '2019-05-01 14:14:44'),
(1447, 47, 17, '80000', '2019-05-01 14:14:44'),
(1448, 47, 18, '80000', '2019-05-01 14:14:44'),
(1449, 47, 19, '80000', '2019-05-01 14:14:44'),
(1450, 47, 20, '80000', '2019-05-01 14:14:44'),
(1451, 47, 21, '80000', '2019-05-01 14:14:44'),
(1452, 47, 22, '80000', '2019-05-01 14:14:44'),
(1453, 47, 23, '80000', '2019-05-01 14:14:44'),
(1454, 47, 24, '80000', '2019-05-01 14:14:44'),
(1455, 47, 25, '80000', '2019-05-01 14:14:45'),
(1456, 47, 26, '80000', '2019-05-01 14:14:45'),
(1457, 47, 27, '80000', '2019-05-01 14:14:45'),
(1458, 47, 28, '80000', '2019-05-01 14:14:45'),
(1459, 47, 29, '80000', '2019-05-01 14:14:45'),
(1460, 47, 30, '80000', '2019-05-01 14:14:45'),
(1461, 47, 31, '80000', '2019-05-01 14:14:45'),
(1462, 47, 32, '80000', '2019-05-01 14:14:45'),
(1463, 47, 33, '80000', '2019-05-01 14:14:45'),
(1464, 47, 34, '80000', '2019-05-01 14:14:45'),
(1465, 47, 35, '80000', '2019-05-01 14:14:46'),
(1466, 47, 36, '80000', '2019-05-01 14:14:46'),
(1467, 47, 37, '80000', '2019-05-01 14:14:46'),
(1468, 47, 38, '80000', '2019-05-01 14:14:46'),
(1469, 47, 39, '80000', '2019-05-01 14:14:46'),
(1470, 47, 40, '80000', '2019-05-01 14:14:46'),
(1471, 47, 41, '80000', '2019-05-01 14:14:46'),
(1472, 47, 42, '80000', '2019-05-01 14:14:46'),
(1473, 47, 43, '80000', '2019-05-01 14:14:46'),
(1474, 47, 44, '80000', '2019-05-01 14:14:46'),
(1475, 47, 45, '80000', '2019-05-01 14:14:46'),
(1476, 47, 46, '80000', '2019-05-01 14:14:46'),
(1477, 47, 47, '80000', '2019-05-01 14:14:46'),
(1478, 47, 48, '80000', '2019-05-01 14:14:46'),
(1479, 47, 49, '80000', '2019-05-01 14:14:46'),
(1480, 48, 1, '75000', '2019-05-01 14:15:24'),
(1481, 48, 2, '75000', '2019-05-01 14:15:24'),
(1482, 48, 3, '75000', '2019-05-01 14:15:24'),
(1483, 48, 4, '75000', '2019-05-01 14:15:25'),
(1484, 48, 5, '75000', '2019-05-01 14:15:25'),
(1485, 48, 6, '75000', '2019-05-01 14:15:25'),
(1486, 48, 7, '75000', '2019-05-01 14:15:25'),
(1487, 48, 8, '75000', '2019-05-01 14:15:25'),
(1488, 48, 9, '75000', '2019-05-01 14:15:25'),
(1489, 48, 10, '75000', '2019-05-01 14:15:25'),
(1490, 48, 11, '75000', '2019-05-01 14:15:25'),
(1491, 48, 12, '75000', '2019-05-01 14:15:25'),
(1492, 48, 13, '70000', '2019-05-01 14:15:25'),
(1493, 48, 14, '70000', '2019-05-01 14:15:25'),
(1494, 48, 15, '70000', '2019-05-01 14:15:25'),
(1495, 48, 16, '70000', '2019-05-01 14:15:25'),
(1496, 48, 17, '70000', '2019-05-01 14:15:25'),
(1497, 48, 18, '70000', '2019-05-01 14:15:25'),
(1498, 48, 19, '70000', '2019-05-01 14:15:25'),
(1499, 48, 20, '70000', '2019-05-01 14:15:25'),
(1500, 48, 21, '70000', '2019-05-01 14:15:25'),
(1501, 48, 22, '70000', '2019-05-01 14:15:26'),
(1502, 48, 23, '70000', '2019-05-01 14:15:26'),
(1503, 48, 24, '70000', '2019-05-01 14:15:26'),
(1504, 48, 25, '70000', '2019-05-01 14:15:26'),
(1505, 48, 26, '70000', '2019-05-01 14:15:26'),
(1506, 48, 27, '70000', '2019-05-01 14:15:26'),
(1507, 48, 28, '70000', '2019-05-01 14:15:26'),
(1508, 48, 29, '70000', '2019-05-01 14:15:26'),
(1509, 48, 30, '70000', '2019-05-01 14:15:26'),
(1510, 48, 31, '70000', '2019-05-01 14:15:26'),
(1511, 48, 32, '70000', '2019-05-01 14:15:26'),
(1512, 48, 33, '70000', '2019-05-01 14:15:26'),
(1513, 48, 34, '70000', '2019-05-01 14:15:26'),
(1514, 48, 35, '70000', '2019-05-01 14:15:26'),
(1515, 48, 36, '70000', '2019-05-01 14:15:26'),
(1516, 48, 37, '70000', '2019-05-01 14:15:26'),
(1517, 48, 38, '70000', '2019-05-01 14:15:26'),
(1518, 48, 39, '70000', '2019-05-01 14:15:27'),
(1519, 48, 40, '70000', '2019-05-01 14:15:27'),
(1520, 48, 41, '70000', '2019-05-01 14:15:27'),
(1521, 48, 42, '70000', '2019-05-01 14:15:27'),
(1522, 48, 43, '70000', '2019-05-01 14:15:27'),
(1523, 48, 44, '70000', '2019-05-01 14:15:27'),
(1524, 48, 45, '70000', '2019-05-01 14:15:27'),
(1525, 48, 46, '70000', '2019-05-01 14:15:27'),
(1526, 48, 47, '70000', '2019-05-01 14:15:27'),
(1527, 48, 48, '70000', '2019-05-01 14:15:27'),
(1528, 48, 49, '70000', '2019-05-01 14:15:27'),
(1529, 49, 1, '60000', '2019-05-01 14:16:10'),
(1530, 49, 2, '60000', '2019-05-01 14:16:10'),
(1531, 49, 3, '60000', '2019-05-01 14:16:10'),
(1532, 49, 4, '60000', '2019-05-01 14:16:10'),
(1533, 49, 5, '60000', '2019-05-01 14:16:10'),
(1534, 49, 6, '60000', '2019-05-01 14:16:10'),
(1535, 49, 7, '55000', '2019-05-01 14:16:10'),
(1536, 49, 8, '55000', '2019-05-01 14:16:10'),
(1537, 49, 9, '55000', '2019-05-01 14:16:11'),
(1538, 49, 10, '55000', '2019-05-01 14:16:11'),
(1539, 49, 11, '55000', '2019-05-01 14:16:11'),
(1540, 49, 12, '55000', '2019-05-01 14:16:11'),
(1541, 49, 13, '50000', '2019-05-01 14:16:11'),
(1542, 49, 14, '50000', '2019-05-01 14:16:11'),
(1543, 49, 15, '50000', '2019-05-01 14:16:11'),
(1544, 49, 16, '50000', '2019-05-01 14:16:11'),
(1545, 49, 17, '50000', '2019-05-01 14:16:11'),
(1546, 49, 18, '50000', '2019-05-01 14:16:11'),
(1547, 49, 19, '50000', '2019-05-01 14:16:11'),
(1548, 49, 20, '50000', '2019-05-01 14:16:11'),
(1549, 49, 21, '50000', '2019-05-01 14:16:11'),
(1550, 49, 22, '50000', '2019-05-01 14:16:11'),
(1551, 49, 23, '50000', '2019-05-01 14:16:11'),
(1552, 49, 24, '50000', '2019-05-01 14:16:11'),
(1553, 49, 25, '50000', '2019-05-01 14:16:11'),
(1554, 49, 26, '50000', '2019-05-01 14:16:12'),
(1555, 49, 27, '50000', '2019-05-01 14:16:12'),
(1556, 49, 28, '50000', '2019-05-01 14:16:12'),
(1557, 49, 29, '50000', '2019-05-01 14:16:12'),
(1558, 49, 30, '50000', '2019-05-01 14:16:12'),
(1559, 49, 31, '50000', '2019-05-01 14:16:12'),
(1560, 49, 32, '50000', '2019-05-01 14:16:12'),
(1561, 49, 33, '50000', '2019-05-01 14:16:12'),
(1562, 49, 34, '50000', '2019-05-01 14:16:12'),
(1563, 49, 35, '50000', '2019-05-01 14:16:13'),
(1564, 49, 36, '50000', '2019-05-01 14:16:13'),
(1565, 49, 37, '50000', '2019-05-01 14:16:13'),
(1566, 49, 38, '50000', '2019-05-01 14:16:13'),
(1567, 49, 39, '50000', '2019-05-01 14:16:13'),
(1568, 49, 40, '50000', '2019-05-01 14:16:13'),
(1569, 49, 41, '50000', '2019-05-01 14:16:13'),
(1570, 49, 42, '50000', '2019-05-01 14:16:13'),
(1571, 49, 43, '50000', '2019-05-01 14:16:13'),
(1572, 49, 44, '50000', '2019-05-01 14:16:13'),
(1573, 49, 45, '50000', '2019-05-01 14:16:13'),
(1574, 49, 46, '50000', '2019-05-01 14:16:13'),
(1575, 49, 47, '50000', '2019-05-01 14:16:13'),
(1576, 49, 48, '50000', '2019-05-01 14:16:13'),
(1577, 49, 49, '50000', '2019-05-01 14:16:13'),
(1578, 50, 1, '55000', '2019-05-01 14:16:44'),
(1579, 50, 2, '55000', '2019-05-01 14:16:44'),
(1580, 50, 3, '55000', '2019-05-01 14:16:44'),
(1581, 50, 4, '55000', '2019-05-01 14:16:44'),
(1582, 50, 5, '55000', '2019-05-01 14:16:45'),
(1583, 50, 6, '55000', '2019-05-01 14:16:45'),
(1584, 50, 7, '55000', '2019-05-01 14:16:45'),
(1585, 50, 8, '55000', '2019-05-01 14:16:45'),
(1586, 50, 9, '55000', '2019-05-01 14:16:45'),
(1587, 50, 10, '55000', '2019-05-01 14:16:45'),
(1588, 50, 11, '55000', '2019-05-01 14:16:45'),
(1589, 50, 12, '55000', '2019-05-01 14:16:45'),
(1590, 50, 13, '50000', '2019-05-01 14:16:45'),
(1591, 50, 14, '50000', '2019-05-01 14:16:45'),
(1592, 50, 15, '50000', '2019-05-01 14:16:45'),
(1593, 50, 16, '50000', '2019-05-01 14:16:45'),
(1594, 50, 17, '50000', '2019-05-01 14:16:46'),
(1595, 50, 18, '50000', '2019-05-01 14:16:46'),
(1596, 50, 19, '50000', '2019-05-01 14:16:46'),
(1597, 50, 20, '50000', '2019-05-01 14:16:46'),
(1598, 50, 21, '50000', '2019-05-01 14:16:46'),
(1599, 50, 22, '50000', '2019-05-01 14:16:46'),
(1600, 50, 23, '50000', '2019-05-01 14:16:46'),
(1601, 50, 24, '50000', '2019-05-01 14:16:46'),
(1602, 50, 25, '50000', '2019-05-01 14:16:46'),
(1603, 50, 26, '50000', '2019-05-01 14:16:46'),
(1604, 50, 27, '50000', '2019-05-01 14:16:47'),
(1605, 50, 28, '50000', '2019-05-01 14:16:47'),
(1606, 50, 29, '50000', '2019-05-01 14:16:47'),
(1607, 50, 30, '50000', '2019-05-01 14:16:47'),
(1608, 50, 31, '50000', '2019-05-01 14:16:47'),
(1609, 50, 32, '50000', '2019-05-01 14:16:47'),
(1610, 50, 33, '50000', '2019-05-01 14:16:47'),
(1611, 50, 34, '50000', '2019-05-01 14:16:47'),
(1612, 50, 35, '50000', '2019-05-01 14:16:47'),
(1613, 50, 36, '50000', '2019-05-01 14:16:47'),
(1614, 50, 37, '50000', '2019-05-01 14:16:47'),
(1615, 50, 38, '50000', '2019-05-01 14:16:47'),
(1616, 50, 39, '50000', '2019-05-01 14:16:48'),
(1617, 50, 40, '50000', '2019-05-01 14:16:48'),
(1618, 50, 41, '50000', '2019-05-01 14:16:48'),
(1619, 50, 42, '50000', '2019-05-01 14:16:48'),
(1620, 50, 43, '50000', '2019-05-01 14:16:48'),
(1621, 50, 44, '50000', '2019-05-01 14:16:48'),
(1622, 50, 45, '50000', '2019-05-01 14:16:48'),
(1623, 50, 46, '50000', '2019-05-01 14:16:48'),
(1624, 50, 47, '50000', '2019-05-01 14:16:48'),
(1625, 50, 48, '50000', '2019-05-01 14:16:48'),
(1626, 50, 49, '50000', '2019-05-01 14:16:48'),
(1627, 51, 1, '75000', '2019-05-01 14:17:48'),
(1628, 51, 2, '75000', '2019-05-01 14:17:48'),
(1629, 51, 3, '75000', '2019-05-01 14:17:48'),
(1630, 51, 4, '75000', '2019-05-01 14:17:48'),
(1631, 51, 5, '75000', '2019-05-01 14:17:48'),
(1632, 51, 6, '75000', '2019-05-01 14:17:48'),
(1633, 51, 7, '75000', '2019-05-01 14:17:48'),
(1634, 51, 8, '75000', '2019-05-01 14:17:49'),
(1635, 51, 9, '75000', '2019-05-01 14:17:49'),
(1636, 51, 10, '75000', '2019-05-01 14:17:49'),
(1637, 51, 11, '75000', '2019-05-01 14:17:49'),
(1638, 51, 12, '75000', '2019-05-01 14:17:49'),
(1639, 51, 13, '70000', '2019-05-01 14:17:49'),
(1640, 51, 14, '70000', '2019-05-01 14:17:49'),
(1641, 51, 15, '70000', '2019-05-01 14:17:49'),
(1642, 51, 16, '70000', '2019-05-01 14:17:49'),
(1643, 51, 17, '70000', '2019-05-01 14:17:49'),
(1644, 51, 18, '70000', '2019-05-01 14:17:49'),
(1645, 51, 19, '70000', '2019-05-01 14:17:49'),
(1646, 51, 20, '70000', '2019-05-01 14:17:49'),
(1647, 51, 21, '70000', '2019-05-01 14:17:49'),
(1648, 51, 22, '70000', '2019-05-01 14:17:49'),
(1649, 51, 23, '70000', '2019-05-01 14:17:50'),
(1650, 51, 24, '70000', '2019-05-01 14:17:50'),
(1651, 51, 25, '70000', '2019-05-01 14:17:50'),
(1652, 51, 26, '70000', '2019-05-01 14:17:50'),
(1653, 51, 27, '70000', '2019-05-01 14:17:50'),
(1654, 51, 28, '70000', '2019-05-01 14:17:50'),
(1655, 51, 29, '70000', '2019-05-01 14:17:50'),
(1656, 51, 30, '70000', '2019-05-01 14:17:50'),
(1657, 51, 31, '70000', '2019-05-01 14:17:50'),
(1658, 51, 32, '70000', '2019-05-01 14:17:50'),
(1659, 51, 33, '70000', '2019-05-01 14:17:50'),
(1660, 51, 34, '70000', '2019-05-01 14:17:50'),
(1661, 51, 35, '70000', '2019-05-01 14:17:50'),
(1662, 51, 36, '70000', '2019-05-01 14:17:50'),
(1663, 51, 37, '70000', '2019-05-01 14:17:50'),
(1664, 51, 38, '70000', '2019-05-01 14:17:50'),
(1665, 51, 39, '70000', '2019-05-01 14:17:51'),
(1666, 51, 40, '70000', '2019-05-01 14:17:51'),
(1667, 51, 41, '70000', '2019-05-01 14:17:51'),
(1668, 51, 42, '70000', '2019-05-01 14:17:51'),
(1669, 51, 43, '70000', '2019-05-01 14:17:51'),
(1670, 51, 44, '70000', '2019-05-01 14:17:51'),
(1671, 51, 45, '70000', '2019-05-01 14:17:51'),
(1672, 51, 46, '70000', '2019-05-01 14:17:51'),
(1673, 51, 47, '70000', '2019-05-01 14:17:51'),
(1674, 51, 48, '70000', '2019-05-01 14:17:51'),
(1675, 51, 49, '70000', '2019-05-01 14:17:51'),
(1676, 51, 50, '70000', '2019-05-01 14:17:51'),
(1677, 51, 51, '70000', '2019-05-01 14:17:51'),
(1678, 51, 52, '70000', '2019-05-01 14:17:51'),
(1679, 51, 53, '70000', '2019-05-01 14:17:51'),
(1680, 51, 54, '70000', '2019-05-01 14:17:51'),
(1681, 51, 55, '70000', '2019-05-01 14:17:51'),
(1682, 51, 56, '70000', '2019-05-01 14:17:51'),
(1683, 51, 57, '70000', '2019-05-01 14:17:51'),
(1684, 51, 58, '70000', '2019-05-01 14:17:52'),
(1685, 51, 59, '70000', '2019-05-01 14:17:52'),
(1686, 51, 60, '70000', '2019-05-01 14:17:52'),
(1687, 52, 1, '75000', '2019-05-01 14:18:14'),
(1688, 52, 2, '75000', '2019-05-01 14:18:14'),
(1689, 52, 3, '75000', '2019-05-01 14:18:14'),
(1690, 52, 4, '75000', '2019-05-01 14:18:14'),
(1691, 52, 5, '75000', '2019-05-01 14:18:14'),
(1692, 52, 6, '75000', '2019-05-01 14:18:14'),
(1693, 52, 7, '75000', '2019-05-01 14:18:14'),
(1694, 52, 8, '75000', '2019-05-01 14:18:14'),
(1695, 52, 9, '75000', '2019-05-01 14:18:15'),
(1696, 52, 10, '75000', '2019-05-01 14:18:15'),
(1697, 52, 11, '75000', '2019-05-01 14:18:15'),
(1698, 52, 12, '75000', '2019-05-01 14:18:15'),
(1699, 52, 13, '70000', '2019-05-01 14:18:15'),
(1700, 52, 14, '70000', '2019-05-01 14:18:15'),
(1701, 52, 15, '70000', '2019-05-01 14:18:15'),
(1702, 52, 16, '70000', '2019-05-01 14:18:15'),
(1703, 52, 17, '70000', '2019-05-01 14:18:15'),
(1704, 52, 18, '70000', '2019-05-01 14:18:15'),
(1705, 52, 19, '70000', '2019-05-01 14:18:15'),
(1706, 52, 20, '70000', '2019-05-01 14:18:15'),
(1707, 52, 21, '70000', '2019-05-01 14:18:15'),
(1708, 52, 22, '70000', '2019-05-01 14:18:15'),
(1709, 52, 23, '70000', '2019-05-01 14:18:15'),
(1710, 52, 24, '70000', '2019-05-01 14:18:15'),
(1711, 52, 25, '70000', '2019-05-01 14:18:15'),
(1712, 52, 26, '70000', '2019-05-01 14:18:15'),
(1713, 52, 27, '70000', '2019-05-01 14:18:15'),
(1714, 52, 28, '70000', '2019-05-01 14:18:16'),
(1715, 52, 29, '70000', '2019-05-01 14:18:16'),
(1716, 52, 30, '70000', '2019-05-01 14:18:16'),
(1717, 52, 31, '70000', '2019-05-01 14:18:16'),
(1718, 52, 32, '70000', '2019-05-01 14:18:16'),
(1719, 52, 33, '70000', '2019-05-01 14:18:16'),
(1720, 52, 34, '70000', '2019-05-01 14:18:16'),
(1721, 52, 35, '70000', '2019-05-01 14:18:16'),
(1722, 52, 36, '70000', '2019-05-01 14:18:17'),
(1723, 52, 37, '70000', '2019-05-01 14:18:17'),
(1724, 52, 38, '70000', '2019-05-01 14:18:17'),
(1725, 52, 39, '70000', '2019-05-01 14:18:17'),
(1726, 52, 40, '70000', '2019-05-01 14:18:17'),
(1727, 52, 41, '70000', '2019-05-01 14:18:17'),
(1728, 52, 42, '70000', '2019-05-01 14:18:17'),
(1729, 52, 43, '70000', '2019-05-01 14:18:17'),
(1730, 52, 44, '70000', '2019-05-01 14:18:17'),
(1731, 52, 45, '70000', '2019-05-01 14:18:17'),
(1732, 52, 46, '70000', '2019-05-01 14:18:17'),
(1733, 52, 47, '70000', '2019-05-01 14:18:18'),
(1734, 52, 48, '70000', '2019-05-01 14:18:18'),
(1735, 52, 49, '70000', '2019-05-01 14:18:18'),
(1736, 52, 50, '70000', '2019-05-01 14:18:18'),
(1737, 52, 51, '70000', '2019-05-01 14:18:18'),
(1738, 52, 52, '70000', '2019-05-01 14:18:18'),
(1739, 52, 53, '70000', '2019-05-01 14:18:18'),
(1740, 52, 54, '70000', '2019-05-01 14:18:18'),
(1741, 52, 55, '70000', '2019-05-01 14:18:18'),
(1742, 52, 56, '70000', '2019-05-01 14:18:19'),
(1743, 52, 57, '70000', '2019-05-01 14:18:19'),
(1744, 52, 58, '70000', '2019-05-01 14:18:19'),
(1745, 52, 59, '70000', '2019-05-01 14:18:19'),
(1746, 52, 60, '70000', '2019-05-01 14:18:19'),
(1747, 53, 1, '75000', '2019-05-01 14:18:38'),
(1748, 53, 2, '75000', '2019-05-01 14:18:38'),
(1749, 53, 3, '75000', '2019-05-01 14:18:38'),
(1750, 53, 4, '75000', '2019-05-01 14:18:38'),
(1751, 53, 5, '75000', '2019-05-01 14:18:38'),
(1752, 53, 6, '75000', '2019-05-01 14:18:38'),
(1753, 53, 7, '75000', '2019-05-01 14:18:38'),
(1754, 53, 8, '75000', '2019-05-01 14:18:38'),
(1755, 53, 9, '75000', '2019-05-01 14:18:38'),
(1756, 53, 10, '75000', '2019-05-01 14:18:38'),
(1757, 53, 11, '75000', '2019-05-01 14:18:38'),
(1758, 53, 12, '75000', '2019-05-01 14:18:38'),
(1759, 53, 13, '70000', '2019-05-01 14:18:38'),
(1760, 53, 14, '70000', '2019-05-01 14:18:38'),
(1761, 53, 15, '70000', '2019-05-01 14:18:38'),
(1762, 53, 16, '70000', '2019-05-01 14:18:39'),
(1763, 53, 17, '70000', '2019-05-01 14:18:39'),
(1764, 53, 18, '70000', '2019-05-01 14:18:39'),
(1765, 53, 19, '70000', '2019-05-01 14:18:39'),
(1766, 53, 20, '70000', '2019-05-01 14:18:39'),
(1767, 53, 21, '70000', '2019-05-01 14:18:39'),
(1768, 53, 22, '70000', '2019-05-01 14:18:39'),
(1769, 53, 23, '70000', '2019-05-01 14:18:39'),
(1770, 53, 24, '70000', '2019-05-01 14:18:39'),
(1771, 53, 25, '70000', '2019-05-01 14:18:39'),
(1772, 53, 26, '70000', '2019-05-01 14:18:40'),
(1773, 53, 27, '70000', '2019-05-01 14:18:40'),
(1774, 53, 28, '70000', '2019-05-01 14:18:40'),
(1775, 53, 29, '70000', '2019-05-01 14:18:40'),
(1776, 53, 30, '70000', '2019-05-01 14:18:40'),
(1777, 53, 31, '70000', '2019-05-01 14:18:40'),
(1778, 53, 32, '70000', '2019-05-01 14:18:40'),
(1779, 53, 33, '70000', '2019-05-01 14:18:40'),
(1780, 53, 34, '70000', '2019-05-01 14:18:40'),
(1781, 53, 35, '70000', '2019-05-01 14:18:41'),
(1782, 53, 36, '70000', '2019-05-01 14:18:41'),
(1783, 53, 37, '70000', '2019-05-01 14:18:41'),
(1784, 53, 38, '70000', '2019-05-01 14:18:41'),
(1785, 53, 39, '70000', '2019-05-01 14:18:41'),
(1786, 53, 40, '70000', '2019-05-01 14:18:41'),
(1787, 53, 41, '70000', '2019-05-01 14:18:41'),
(1788, 53, 42, '70000', '2019-05-01 14:18:41'),
(1789, 53, 43, '70000', '2019-05-01 14:18:42'),
(1790, 53, 44, '70000', '2019-05-01 14:18:42'),
(1791, 53, 45, '70000', '2019-05-01 14:18:42'),
(1792, 53, 46, '70000', '2019-05-01 14:18:42'),
(1793, 53, 47, '70000', '2019-05-01 14:18:42'),
(1794, 53, 48, '70000', '2019-05-01 14:18:42'),
(1795, 53, 49, '70000', '2019-05-01 14:18:42'),
(1796, 53, 50, '70000', '2019-05-01 14:18:42'),
(1797, 53, 51, '70000', '2019-05-01 14:18:42'),
(1798, 53, 52, '70000', '2019-05-01 14:18:43'),
(1799, 53, 53, '70000', '2019-05-01 14:18:43'),
(1800, 53, 54, '70000', '2019-05-01 14:18:43'),
(1801, 53, 55, '70000', '2019-05-01 14:18:43'),
(1802, 53, 56, '70000', '2019-05-01 14:18:43'),
(1803, 53, 57, '70000', '2019-05-01 14:18:43'),
(1804, 53, 58, '70000', '2019-05-01 14:18:43'),
(1805, 53, 59, '70000', '2019-05-01 14:18:43'),
(1806, 53, 60, '70000', '2019-05-01 14:18:43'),
(1807, 54, 1, '75000', '2019-05-01 14:19:00'),
(1808, 54, 2, '75000', '2019-05-01 14:19:00'),
(1809, 54, 3, '75000', '2019-05-01 14:19:00'),
(1810, 54, 4, '75000', '2019-05-01 14:19:00'),
(1811, 54, 5, '75000', '2019-05-01 14:19:00'),
(1812, 54, 6, '75000', '2019-05-01 14:19:00'),
(1813, 54, 7, '75000', '2019-05-01 14:19:01'),
(1814, 54, 8, '75000', '2019-05-01 14:19:01'),
(1815, 54, 9, '75000', '2019-05-01 14:19:01'),
(1816, 54, 10, '75000', '2019-05-01 14:19:01'),
(1817, 54, 11, '75000', '2019-05-01 14:19:01'),
(1818, 54, 12, '75000', '2019-05-01 14:19:01'),
(1819, 54, 13, '70000', '2019-05-01 14:19:01'),
(1820, 54, 14, '70000', '2019-05-01 14:19:01'),
(1821, 54, 15, '70000', '2019-05-01 14:19:01'),
(1822, 54, 16, '70000', '2019-05-01 14:19:01'),
(1823, 54, 17, '70000', '2019-05-01 14:19:01'),
(1824, 54, 18, '70000', '2019-05-01 14:19:02'),
(1825, 54, 19, '70000', '2019-05-01 14:19:02'),
(1826, 54, 20, '70000', '2019-05-01 14:19:02'),
(1827, 54, 21, '70000', '2019-05-01 14:19:02'),
(1828, 54, 22, '70000', '2019-05-01 14:19:02'),
(1829, 54, 23, '70000', '2019-05-01 14:19:02'),
(1830, 54, 24, '70000', '2019-05-01 14:19:03'),
(1831, 54, 25, '70000', '2019-05-01 14:19:03'),
(1832, 54, 26, '70000', '2019-05-01 14:19:03'),
(1833, 54, 27, '70000', '2019-05-01 14:19:03'),
(1834, 54, 28, '70000', '2019-05-01 14:19:03'),
(1835, 54, 29, '70000', '2019-05-01 14:19:03'),
(1836, 54, 30, '70000', '2019-05-01 14:19:04'),
(1837, 54, 31, '70000', '2019-05-01 14:19:04'),
(1838, 54, 32, '70000', '2019-05-01 14:19:04'),
(1839, 54, 33, '70000', '2019-05-01 14:19:04'),
(1840, 54, 34, '70000', '2019-05-01 14:19:04'),
(1841, 54, 35, '70000', '2019-05-01 14:19:04'),
(1842, 54, 36, '70000', '2019-05-01 14:19:04'),
(1843, 54, 37, '70000', '2019-05-01 14:19:04'),
(1844, 54, 38, '70000', '2019-05-01 14:19:04'),
(1845, 54, 39, '70000', '2019-05-01 14:19:04'),
(1846, 54, 40, '70000', '2019-05-01 14:19:04'),
(1847, 54, 41, '70000', '2019-05-01 14:19:04'),
(1848, 54, 42, '70000', '2019-05-01 14:19:04'),
(1849, 54, 43, '70000', '2019-05-01 14:19:04'),
(1850, 54, 44, '70000', '2019-05-01 14:19:05'),
(1851, 54, 45, '70000', '2019-05-01 14:19:05'),
(1852, 54, 46, '70000', '2019-05-01 14:19:05'),
(1853, 54, 47, '70000', '2019-05-01 14:19:05'),
(1854, 54, 48, '70000', '2019-05-01 14:19:05'),
(1855, 54, 49, '70000', '2019-05-01 14:19:05'),
(1856, 54, 50, '70000', '2019-05-01 14:19:05'),
(1857, 54, 51, '70000', '2019-05-01 14:19:05'),
(1858, 54, 52, '70000', '2019-05-01 14:19:05'),
(1859, 54, 53, '70000', '2019-05-01 14:19:05'),
(1860, 54, 54, '70000', '2019-05-01 14:19:06'),
(1861, 54, 55, '70000', '2019-05-01 14:19:06'),
(1862, 54, 56, '70000', '2019-05-01 14:19:06'),
(1863, 54, 57, '70000', '2019-05-01 14:19:06'),
(1864, 54, 58, '70000', '2019-05-01 14:19:06'),
(1865, 54, 59, '70000', '2019-05-01 14:19:06'),
(1866, 54, 60, '70000', '2019-05-01 14:19:06'),
(1867, 55, 1, '75000', '2019-05-01 14:20:14'),
(1868, 55, 2, '75000', '2019-05-01 14:20:14'),
(1869, 55, 3, '75000', '2019-05-01 14:20:14'),
(1870, 55, 4, '75000', '2019-05-01 14:20:14'),
(1871, 55, 5, '75000', '2019-05-01 14:20:15'),
(1872, 55, 6, '75000', '2019-05-01 14:20:15'),
(1873, 55, 7, '75000', '2019-05-01 14:20:15'),
(1874, 55, 8, '75000', '2019-05-01 14:20:15'),
(1875, 55, 9, '75000', '2019-05-01 14:20:15'),
(1876, 55, 10, '75000', '2019-05-01 14:20:15'),
(1877, 55, 11, '75000', '2019-05-01 14:20:15'),
(1878, 55, 12, '75000', '2019-05-01 14:20:15'),
(1879, 55, 13, '70000', '2019-05-01 14:20:15'),
(1880, 55, 14, '70000', '2019-05-01 14:20:15'),
(1881, 55, 15, '70000', '2019-05-01 14:20:15'),
(1882, 55, 16, '70000', '2019-05-01 14:20:15'),
(1883, 55, 17, '70000', '2019-05-01 14:20:15'),
(1884, 55, 18, '70000', '2019-05-01 14:20:15'),
(1885, 55, 19, '70000', '2019-05-01 14:20:16'),
(1886, 55, 20, '70000', '2019-05-01 14:20:16'),
(1887, 55, 21, '70000', '2019-05-01 14:20:16'),
(1888, 55, 22, '70000', '2019-05-01 14:20:16'),
(1889, 55, 23, '70000', '2019-05-01 14:20:16'),
(1890, 55, 24, '70000', '2019-05-01 14:20:16'),
(1891, 55, 25, '70000', '2019-05-01 14:20:16'),
(1892, 55, 26, '70000', '2019-05-01 14:20:16'),
(1893, 55, 27, '70000', '2019-05-01 14:20:17'),
(1894, 55, 28, '70000', '2019-05-01 14:20:17'),
(1895, 55, 29, '70000', '2019-05-01 14:20:17'),
(1896, 55, 30, '70000', '2019-05-01 14:20:17'),
(1897, 55, 31, '70000', '2019-05-01 14:20:17'),
(1898, 55, 32, '70000', '2019-05-01 14:20:17'),
(1899, 55, 33, '70000', '2019-05-01 14:20:17'),
(1900, 55, 34, '70000', '2019-05-01 14:20:17'),
(1901, 55, 35, '70000', '2019-05-01 14:20:17'),
(1902, 55, 36, '70000', '2019-05-01 14:20:17'),
(1903, 55, 37, '70000', '2019-05-01 14:20:18'),
(1904, 55, 38, '70000', '2019-05-01 14:20:18'),
(1905, 55, 39, '70000', '2019-05-01 14:20:18'),
(1906, 55, 40, '70000', '2019-05-01 14:20:18'),
(1907, 55, 41, '70000', '2019-05-01 14:20:18'),
(1908, 55, 42, '70000', '2019-05-01 14:20:18'),
(1909, 55, 43, '70000', '2019-05-01 14:20:18'),
(1910, 55, 44, '70000', '2019-05-01 14:20:18'),
(1911, 55, 45, '70000', '2019-05-01 14:20:18'),
(1912, 55, 46, '70000', '2019-05-01 14:20:19'),
(1913, 55, 47, '70000', '2019-05-01 14:20:19'),
(1914, 55, 48, '70000', '2019-05-01 14:20:19'),
(1915, 55, 49, '70000', '2019-05-01 14:20:19'),
(1916, 55, 50, '70000', '2019-05-01 14:20:19'),
(1917, 55, 51, '70000', '2019-05-01 14:20:19'),
(1918, 55, 52, '70000', '2019-05-01 14:20:20'),
(1919, 55, 53, '70000', '2019-05-01 14:20:20'),
(1920, 55, 54, '70000', '2019-05-01 14:20:20'),
(1921, 55, 55, '70000', '2019-05-01 14:20:20'),
(1922, 55, 56, '70000', '2019-05-01 14:20:20'),
(1923, 55, 57, '70000', '2019-05-01 14:20:20'),
(1924, 55, 58, '70000', '2019-05-01 14:20:20'),
(1925, 55, 59, '70000', '2019-05-01 14:20:20'),
(1926, 55, 60, '70000', '2019-05-01 14:20:20'),
(1927, 56, 1, '75000', '2019-05-01 14:20:38'),
(1928, 56, 2, '75000', '2019-05-01 14:20:38'),
(1929, 56, 3, '75000', '2019-05-01 14:20:38'),
(1930, 56, 4, '75000', '2019-05-01 14:20:38'),
(1931, 56, 5, '75000', '2019-05-01 14:20:38'),
(1932, 56, 6, '75000', '2019-05-01 14:20:38'),
(1933, 56, 7, '75000', '2019-05-01 14:20:38'),
(1934, 56, 8, '75000', '2019-05-01 14:20:38'),
(1935, 56, 9, '75000', '2019-05-01 14:20:38'),
(1936, 56, 10, '75000', '2019-05-01 14:20:38'),
(1937, 56, 11, '75000', '2019-05-01 14:20:38'),
(1938, 56, 12, '75000', '2019-05-01 14:20:39'),
(1939, 56, 13, '70000', '2019-05-01 14:20:39'),
(1940, 56, 14, '70000', '2019-05-01 14:20:39'),
(1941, 56, 15, '70000', '2019-05-01 14:20:39'),
(1942, 56, 16, '70000', '2019-05-01 14:20:39'),
(1943, 56, 17, '70000', '2019-05-01 14:20:39'),
(1944, 56, 18, '70000', '2019-05-01 14:20:39'),
(1945, 56, 19, '70000', '2019-05-01 14:20:39'),
(1946, 56, 20, '70000', '2019-05-01 14:20:39'),
(1947, 56, 21, '70000', '2019-05-01 14:20:39'),
(1948, 56, 22, '70000', '2019-05-01 14:20:39'),
(1949, 56, 23, '70000', '2019-05-01 14:20:40'),
(1950, 56, 24, '70000', '2019-05-01 14:20:40'),
(1951, 56, 25, '70000', '2019-05-01 14:20:40'),
(1952, 56, 26, '70000', '2019-05-01 14:20:40'),
(1953, 56, 27, '70000', '2019-05-01 14:20:40'),
(1954, 56, 28, '70000', '2019-05-01 14:20:40'),
(1955, 56, 29, '70000', '2019-05-01 14:20:40'),
(1956, 56, 30, '70000', '2019-05-01 14:20:40'),
(1957, 56, 31, '70000', '2019-05-01 14:20:41'),
(1958, 56, 32, '70000', '2019-05-01 14:20:41'),
(1959, 56, 33, '70000', '2019-05-01 14:20:41'),
(1960, 56, 34, '70000', '2019-05-01 14:20:41'),
(1961, 56, 35, '70000', '2019-05-01 14:20:41'),
(1962, 56, 36, '70000', '2019-05-01 14:20:41'),
(1963, 56, 37, '70000', '2019-05-01 14:20:41'),
(1964, 56, 38, '70000', '2019-05-01 14:20:41'),
(1965, 56, 39, '70000', '2019-05-01 14:20:41'),
(1966, 56, 40, '70000', '2019-05-01 14:20:41'),
(1967, 56, 41, '70000', '2019-05-01 14:20:41'),
(1968, 56, 42, '70000', '2019-05-01 14:20:41'),
(1969, 56, 43, '70000', '2019-05-01 14:20:41'),
(1970, 56, 44, '70000', '2019-05-01 14:20:41'),
(1971, 56, 45, '70000', '2019-05-01 14:20:41'),
(1972, 56, 46, '70000', '2019-05-01 14:20:41'),
(1973, 56, 47, '70000', '2019-05-01 14:20:42'),
(1974, 56, 48, '70000', '2019-05-01 14:20:42'),
(1975, 56, 49, '70000', '2019-05-01 14:20:42'),
(1976, 56, 50, '70000', '2019-05-01 14:20:42'),
(1977, 56, 51, '70000', '2019-05-01 14:20:42'),
(1978, 56, 52, '70000', '2019-05-01 14:20:42'),
(1979, 56, 53, '70000', '2019-05-01 14:20:42'),
(1980, 56, 54, '70000', '2019-05-01 14:20:42'),
(1981, 56, 55, '70000', '2019-05-01 14:20:42'),
(1982, 56, 56, '70000', '2019-05-01 14:20:42'),
(1983, 56, 57, '70000', '2019-05-01 14:20:42'),
(1984, 56, 58, '70000', '2019-05-01 14:20:42'),
(1985, 56, 59, '70000', '2019-05-01 14:20:42'),
(1986, 56, 60, '70000', '2019-05-01 14:20:42'),
(1987, 57, 1, '60000', '2019-05-01 14:22:14'),
(1988, 57, 2, '60000', '2019-05-01 14:22:14'),
(1989, 57, 3, '60000', '2019-05-01 14:22:14'),
(1990, 57, 4, '60000', '2019-05-01 14:22:14'),
(1991, 57, 5, '60000', '2019-05-01 14:22:14'),
(1992, 57, 6, '60000', '2019-05-01 14:22:14'),
(1993, 57, 7, '60000', '2019-05-01 14:22:14'),
(1994, 57, 8, '60000', '2019-05-01 14:22:14'),
(1995, 57, 9, '60000', '2019-05-01 14:22:14'),
(1996, 57, 10, '60000', '2019-05-01 14:22:15'),
(1997, 57, 11, '60000', '2019-05-01 14:22:15'),
(1998, 57, 12, '55000', '2019-05-01 14:22:15'),
(1999, 57, 13, '55000', '2019-05-01 14:22:15'),
(2000, 57, 14, '55000', '2019-05-01 14:22:15'),
(2001, 57, 15, '55000', '2019-05-01 14:22:15'),
(2002, 57, 16, '55000', '2019-05-01 14:22:15'),
(2003, 57, 17, '55000', '2019-05-01 14:22:15'),
(2004, 57, 18, '55000', '2019-05-01 14:22:15'),
(2005, 57, 19, '55000', '2019-05-01 14:22:15'),
(2006, 57, 20, '55000', '2019-05-01 14:22:15'),
(2007, 57, 21, '55000', '2019-05-01 14:22:15'),
(2008, 57, 22, '55000', '2019-05-01 14:22:16'),
(2009, 57, 23, '55000', '2019-05-01 14:22:16'),
(2010, 57, 24, '55000', '2019-05-01 14:22:16'),
(2011, 57, 25, '55000', '2019-05-01 14:22:16'),
(2012, 57, 26, '55000', '2019-05-01 14:22:16'),
(2013, 57, 27, '55000', '2019-05-01 14:22:16'),
(2014, 57, 28, '55000', '2019-05-01 14:22:16'),
(2015, 57, 29, '55000', '2019-05-01 14:22:16'),
(2016, 57, 30, '55000', '2019-05-01 14:22:16'),
(2017, 57, 31, '55000', '2019-05-01 14:22:17'),
(2018, 57, 32, '55000', '2019-05-01 14:22:17'),
(2019, 57, 33, '55000', '2019-05-01 14:22:17'),
(2020, 57, 34, '55000', '2019-05-01 14:22:17'),
(2021, 57, 35, '55000', '2019-05-01 14:22:17'),
(2022, 57, 36, '55000', '2019-05-01 14:22:17'),
(2023, 57, 37, '55000', '2019-05-01 14:22:17'),
(2024, 57, 38, '55000', '2019-05-01 14:22:17'),
(2025, 57, 39, '55000', '2019-05-01 14:22:17'),
(2026, 57, 40, '55000', '2019-05-01 14:22:17'),
(2027, 57, 41, '55000', '2019-05-01 14:22:17'),
(2028, 57, 42, '55000', '2019-05-01 14:22:17'),
(2029, 57, 43, '55000', '2019-05-01 14:22:17'),
(2030, 57, 44, '55000', '2019-05-01 14:22:17'),
(2031, 57, 45, '55000', '2019-05-01 14:22:18'),
(2032, 57, 46, '55000', '2019-05-01 14:22:18'),
(2033, 57, 47, '55000', '2019-05-01 14:22:18'),
(2034, 57, 48, '55000', '2019-05-01 14:22:18'),
(2035, 57, 49, '55000', '2019-05-01 14:22:18'),
(2036, 58, 1, '75000', '2019-05-01 14:23:24'),
(2037, 58, 2, '75000', '2019-05-01 14:23:25'),
(2038, 58, 3, '75000', '2019-05-01 14:23:25'),
(2039, 58, 4, '75000', '2019-05-01 14:23:25'),
(2040, 58, 5, '75000', '2019-05-01 14:23:25'),
(2041, 58, 6, '75000', '2019-05-01 14:23:25'),
(2042, 58, 7, '75000', '2019-05-01 14:23:25'),
(2043, 58, 8, '75000', '2019-05-01 14:23:25'),
(2044, 58, 9, '75000', '2019-05-01 14:23:25'),
(2045, 58, 10, '75000', '2019-05-01 14:23:26'),
(2046, 58, 11, '75000', '2019-05-01 14:23:26'),
(2047, 58, 12, '70000', '2019-05-01 14:23:26'),
(2048, 58, 13, '70000', '2019-05-01 14:23:26'),
(2049, 58, 14, '70000', '2019-05-01 14:23:26'),
(2050, 58, 15, '70000', '2019-05-01 14:23:26'),
(2051, 58, 16, '70000', '2019-05-01 14:23:27'),
(2052, 58, 17, '70000', '2019-05-01 14:23:27'),
(2053, 58, 18, '70000', '2019-05-01 14:23:27'),
(2054, 58, 19, '70000', '2019-05-01 14:23:27'),
(2055, 58, 20, '70000', '2019-05-01 14:23:27'),
(2056, 58, 21, '70000', '2019-05-01 14:23:27'),
(2057, 58, 22, '70000', '2019-05-01 14:23:27'),
(2058, 58, 23, '70000', '2019-05-01 14:23:27'),
(2059, 58, 24, '70000', '2019-05-01 14:23:27'),
(2060, 58, 25, '70000', '2019-05-01 14:23:27'),
(2061, 58, 26, '70000', '2019-05-01 14:23:27'),
(2062, 58, 27, '70000', '2019-05-01 14:23:27'),
(2063, 58, 28, '70000', '2019-05-01 14:23:28'),
(2064, 58, 29, '70000', '2019-05-01 14:23:28'),
(2065, 58, 30, '70000', '2019-05-01 14:23:28'),
(2066, 58, 31, '70000', '2019-05-01 14:23:28'),
(2067, 58, 32, '70000', '2019-05-01 14:23:28'),
(2068, 58, 33, '70000', '2019-05-01 14:23:28'),
(2069, 58, 34, '70000', '2019-05-01 14:23:28'),
(2070, 58, 35, '70000', '2019-05-01 14:23:28'),
(2071, 58, 36, '70000', '2019-05-01 14:23:28'),
(2072, 58, 37, '70000', '2019-05-01 14:23:28'),
(2073, 58, 38, '70000', '2019-05-01 14:23:28'),
(2074, 58, 39, '70000', '2019-05-01 14:23:28'),
(2075, 58, 40, '70000', '2019-05-01 14:23:28'),
(2076, 58, 41, '70000', '2019-05-01 14:23:28'),
(2077, 58, 42, '70000', '2019-05-01 14:23:28'),
(2078, 58, 43, '70000', '2019-05-01 14:23:28'),
(2079, 58, 44, '70000', '2019-05-01 14:23:28'),
(2080, 58, 45, '70000', '2019-05-01 14:23:28'),
(2081, 58, 46, '70000', '2019-05-01 14:23:28'),
(2082, 58, 47, '70000', '2019-05-01 14:23:28'),
(2083, 58, 48, '70000', '2019-05-01 14:23:29'),
(2084, 58, 49, '70000', '2019-05-01 14:23:29'),
(2085, 59, 1, '75000', '2019-05-01 14:24:20'),
(2086, 59, 2, '75000', '2019-05-01 14:24:20'),
(2087, 59, 3, '75000', '2019-05-01 14:24:20'),
(2088, 59, 4, '75000', '2019-05-01 14:24:20'),
(2089, 59, 5, '75000', '2019-05-01 14:24:21'),
(2090, 59, 6, '75000', '2019-05-01 14:24:21'),
(2091, 59, 7, '75000', '2019-05-01 14:24:21'),
(2092, 59, 8, '75000', '2019-05-01 14:24:21'),
(2093, 59, 9, '75000', '2019-05-01 14:24:21'),
(2094, 59, 10, '75000', '2019-05-01 14:24:21'),
(2095, 59, 11, '75000', '2019-05-01 14:24:21'),
(2096, 59, 12, '70000', '2019-05-01 14:24:21'),
(2097, 59, 13, '70000', '2019-05-01 14:24:21'),
(2098, 59, 14, '70000', '2019-05-01 14:24:21'),
(2099, 59, 15, '70000', '2019-05-01 14:24:21'),
(2100, 59, 16, '70000', '2019-05-01 14:24:21'),
(2101, 59, 17, '70000', '2019-05-01 14:24:21'),
(2102, 59, 18, '70000', '2019-05-01 14:24:21'),
(2103, 59, 19, '70000', '2019-05-01 14:24:22'),
(2104, 59, 20, '70000', '2019-05-01 14:24:22'),
(2105, 59, 21, '70000', '2019-05-01 14:24:22'),
(2106, 59, 22, '70000', '2019-05-01 14:24:22'),
(2107, 59, 23, '70000', '2019-05-01 14:24:22'),
(2108, 59, 24, '70000', '2019-05-01 14:24:22'),
(2109, 59, 25, '70000', '2019-05-01 14:24:22'),
(2110, 59, 26, '70000', '2019-05-01 14:24:22'),
(2111, 59, 27, '70000', '2019-05-01 14:24:22'),
(2112, 59, 28, '70000', '2019-05-01 14:24:22'),
(2113, 59, 29, '70000', '2019-05-01 14:24:22'),
(2114, 59, 30, '70000', '2019-05-01 14:24:22'),
(2115, 59, 31, '70000', '2019-05-01 14:24:23'),
(2116, 59, 32, '70000', '2019-05-01 14:24:23'),
(2117, 59, 33, '70000', '2019-05-01 14:24:23'),
(2118, 59, 34, '70000', '2019-05-01 14:24:23'),
(2119, 59, 35, '70000', '2019-05-01 14:24:23'),
(2120, 59, 36, '70000', '2019-05-01 14:24:23'),
(2121, 59, 37, '70000', '2019-05-01 14:24:23'),
(2122, 59, 38, '70000', '2019-05-01 14:24:23'),
(2123, 59, 39, '70000', '2019-05-01 14:24:23'),
(2124, 59, 40, '70000', '2019-05-01 14:24:23'),
(2125, 59, 41, '70000', '2019-05-01 14:24:23'),
(2126, 59, 42, '70000', '2019-05-01 14:24:23'),
(2127, 59, 43, '70000', '2019-05-01 14:24:23'),
(2128, 59, 44, '70000', '2019-05-01 14:24:23'),
(2129, 59, 45, '70000', '2019-05-01 14:24:23'),
(2130, 59, 46, '70000', '2019-05-01 14:24:23'),
(2131, 59, 47, '70000', '2019-05-01 14:24:23'),
(2132, 59, 48, '70000', '2019-05-01 14:24:24'),
(2133, 59, 49, '70000', '2019-05-01 14:24:24'),
(2134, 60, 1, '80000', '2019-05-01 14:25:35'),
(2135, 60, 2, '80000', '2019-05-01 14:25:35'),
(2136, 60, 3, '80000', '2019-05-01 14:25:35'),
(2137, 60, 4, '80000', '2019-05-01 14:25:35'),
(2138, 60, 5, '80000', '2019-05-01 14:25:35'),
(2139, 60, 6, '80000', '2019-05-01 14:25:35'),
(2140, 60, 7, '80000', '2019-05-01 14:25:35'),
(2141, 60, 8, '80000', '2019-05-01 14:25:35'),
(2142, 60, 9, '80000', '2019-05-01 14:25:35'),
(2143, 60, 10, '80000', '2019-05-01 14:25:35'),
(2144, 60, 11, '80000', '2019-05-01 14:25:36'),
(2145, 60, 12, '75000', '2019-05-01 14:25:36'),
(2146, 60, 13, '75000', '2019-05-01 14:25:36'),
(2147, 60, 14, '75000', '2019-05-01 14:25:36'),
(2148, 60, 15, '75000', '2019-05-01 14:25:36'),
(2149, 60, 16, '75000', '2019-05-01 14:25:36'),
(2150, 60, 17, '75000', '2019-05-01 14:25:36'),
(2151, 60, 18, '75000', '2019-05-01 14:25:36'),
(2152, 60, 19, '75000', '2019-05-01 14:25:36'),
(2153, 60, 20, '75000', '2019-05-01 14:25:36'),
(2154, 60, 21, '75000', '2019-05-01 14:25:36'),
(2155, 60, 22, '75000', '2019-05-01 14:25:36'),
(2156, 60, 23, '75000', '2019-05-01 14:25:36'),
(2157, 60, 24, '75000', '2019-05-01 14:25:36'),
(2158, 60, 25, '75000', '2019-05-01 14:25:36'),
(2159, 60, 26, '75000', '2019-05-01 14:25:36'),
(2160, 60, 27, '75000', '2019-05-01 14:25:36'),
(2161, 60, 28, '75000', '2019-05-01 14:25:36'),
(2162, 60, 29, '75000', '2019-05-01 14:25:36'),
(2163, 60, 30, '75000', '2019-05-01 14:25:37'),
(2164, 60, 31, '75000', '2019-05-01 14:25:37'),
(2165, 60, 32, '75000', '2019-05-01 14:25:37'),
(2166, 60, 33, '75000', '2019-05-01 14:25:37'),
(2167, 60, 34, '75000', '2019-05-01 14:25:37'),
(2168, 60, 35, '75000', '2019-05-01 14:25:37'),
(2169, 60, 36, '75000', '2019-05-01 14:25:37'),
(2170, 60, 37, '75000', '2019-05-01 14:25:37'),
(2171, 60, 38, '75000', '2019-05-01 14:25:37'),
(2172, 60, 39, '75000', '2019-05-01 14:25:37'),
(2173, 60, 40, '75000', '2019-05-01 14:25:37'),
(2174, 60, 41, '75000', '2019-05-01 14:25:37'),
(2175, 60, 42, '75000', '2019-05-01 14:25:37'),
(2176, 60, 43, '75000', '2019-05-01 14:25:38'),
(2177, 60, 44, '75000', '2019-05-01 14:25:38'),
(2178, 60, 45, '75000', '2019-05-01 14:25:38'),
(2179, 60, 46, '75000', '2019-05-01 14:25:38'),
(2180, 60, 47, '75000', '2019-05-01 14:25:38'),
(2181, 60, 48, '75000', '2019-05-01 14:25:38'),
(2182, 60, 49, '75000', '2019-05-01 14:25:38'),
(2183, 61, 1, '80000', '2019-05-01 14:28:15'),
(2184, 61, 2, '80000', '2019-05-01 14:28:15'),
(2185, 61, 3, '80000', '2019-05-01 14:28:15'),
(2186, 61, 4, '80000', '2019-05-01 14:28:15'),
(2187, 61, 5, '80000', '2019-05-01 14:28:15'),
(2188, 61, 6, '80000', '2019-05-01 14:28:15'),
(2189, 61, 7, '80000', '2019-05-01 14:28:15'),
(2190, 61, 8, '80000', '2019-05-01 14:28:15'),
(2191, 61, 9, '80000', '2019-05-01 14:28:15'),
(2192, 61, 10, '80000', '2019-05-01 14:28:15'),
(2193, 61, 11, '80000', '2019-05-01 14:28:15'),
(2194, 61, 12, '75000', '2019-05-01 14:28:16'),
(2195, 61, 13, '75000', '2019-05-01 14:28:16'),
(2196, 61, 14, '75000', '2019-05-01 14:28:16'),
(2197, 61, 15, '75000', '2019-05-01 14:28:16'),
(2198, 61, 16, '75000', '2019-05-01 14:28:16'),
(2199, 61, 17, '75000', '2019-05-01 14:28:16'),
(2200, 61, 18, '75000', '2019-05-01 14:28:16'),
(2201, 61, 19, '75000', '2019-05-01 14:28:16'),
(2202, 61, 20, '75000', '2019-05-01 14:28:16'),
(2203, 61, 21, '75000', '2019-05-01 14:28:16'),
(2204, 61, 22, '75000', '2019-05-01 14:28:16'),
(2205, 61, 23, '75000', '2019-05-01 14:28:16'),
(2206, 61, 24, '75000', '2019-05-01 14:28:16'),
(2207, 61, 25, '75000', '2019-05-01 14:28:16'),
(2208, 61, 26, '75000', '2019-05-01 14:28:16'),
(2209, 61, 27, '75000', '2019-05-01 14:28:16'),
(2210, 61, 28, '75000', '2019-05-01 14:28:16'),
(2211, 61, 29, '75000', '2019-05-01 14:28:16'),
(2212, 61, 30, '75000', '2019-05-01 14:28:17'),
(2213, 61, 31, '75000', '2019-05-01 14:28:17'),
(2214, 61, 32, '75000', '2019-05-01 14:28:17'),
(2215, 61, 33, '75000', '2019-05-01 14:28:17'),
(2216, 61, 34, '75000', '2019-05-01 14:28:17'),
(2217, 61, 35, '75000', '2019-05-01 14:28:17'),
(2218, 61, 36, '75000', '2019-05-01 14:28:17'),
(2219, 61, 37, '75000', '2019-05-01 14:28:17'),
(2220, 61, 38, '75000', '2019-05-01 14:28:17'),
(2221, 61, 39, '75000', '2019-05-01 14:28:17'),
(2222, 61, 40, '75000', '2019-05-01 14:28:17'),
(2223, 61, 41, '75000', '2019-05-01 14:28:18'),
(2224, 61, 42, '75000', '2019-05-01 14:28:18'),
(2225, 61, 43, '75000', '2019-05-01 14:28:18'),
(2226, 61, 44, '75000', '2019-05-01 14:28:18'),
(2227, 61, 45, '75000', '2019-05-01 14:28:18'),
(2228, 61, 46, '75000', '2019-05-01 14:28:18'),
(2229, 61, 47, '75000', '2019-05-01 14:28:18'),
(2230, 61, 48, '75000', '2019-05-01 14:28:18'),
(2231, 61, 49, '75000', '2019-05-01 14:28:18'),
(2232, 62, 1, '80000', '2019-05-01 14:30:31'),
(2233, 62, 2, '80000', '2019-05-01 14:30:31'),
(2234, 62, 3, '80000', '2019-05-01 14:30:31'),
(2235, 62, 4, '80000', '2019-05-01 14:30:31'),
(2236, 62, 5, '80000', '2019-05-01 14:30:31'),
(2237, 62, 6, '80000', '2019-05-01 14:30:32'),
(2238, 62, 7, '80000', '2019-05-01 14:30:32'),
(2239, 62, 8, '80000', '2019-05-01 14:30:32'),
(2240, 62, 9, '80000', '2019-05-01 14:30:32'),
(2241, 62, 10, '80000', '2019-05-01 14:30:32'),
(2242, 62, 11, '80000', '2019-05-01 14:30:32'),
(2243, 62, 12, '75000', '2019-05-01 14:30:32'),
(2244, 62, 13, '75000', '2019-05-01 14:30:32'),
(2245, 62, 14, '75000', '2019-05-01 14:30:32'),
(2246, 62, 15, '75000', '2019-05-01 14:30:32'),
(2247, 62, 16, '75000', '2019-05-01 14:30:32'),
(2248, 62, 17, '75000', '2019-05-01 14:30:32'),
(2249, 62, 18, '75000', '2019-05-01 14:30:32'),
(2250, 62, 19, '75000', '2019-05-01 14:30:32'),
(2251, 62, 20, '75000', '2019-05-01 14:30:32'),
(2252, 62, 21, '75000', '2019-05-01 14:30:32'),
(2253, 62, 22, '75000', '2019-05-01 14:30:33'),
(2254, 62, 23, '75000', '2019-05-01 14:30:33'),
(2255, 62, 24, '75000', '2019-05-01 14:30:33'),
(2256, 62, 25, '75000', '2019-05-01 14:30:33');
INSERT INTO `barang_reseller` (`br_id`, `barang_id`, `br_kuantitas`, `br_harga`, `br_tanggal`) VALUES
(2257, 62, 26, '75000', '2019-05-01 14:30:33'),
(2258, 62, 27, '75000', '2019-05-01 14:30:33'),
(2259, 62, 28, '75000', '2019-05-01 14:30:33'),
(2260, 62, 29, '75000', '2019-05-01 14:30:33'),
(2261, 62, 30, '75000', '2019-05-01 14:30:33'),
(2262, 62, 31, '75000', '2019-05-01 14:30:33'),
(2263, 62, 32, '75000', '2019-05-01 14:30:33'),
(2264, 62, 33, '75000', '2019-05-01 14:30:33'),
(2265, 62, 34, '75000', '2019-05-01 14:30:33'),
(2266, 62, 35, '75000', '2019-05-01 14:30:33'),
(2267, 62, 36, '75000', '2019-05-01 14:30:33'),
(2268, 62, 37, '75000', '2019-05-01 14:30:33'),
(2269, 62, 38, '75000', '2019-05-01 14:30:34'),
(2270, 62, 39, '75000', '2019-05-01 14:30:34'),
(2271, 62, 40, '75000', '2019-05-01 14:30:34'),
(2272, 62, 41, '75000', '2019-05-01 14:30:34'),
(2273, 62, 42, '75000', '2019-05-01 14:30:34'),
(2274, 62, 43, '75000', '2019-05-01 14:30:34'),
(2275, 62, 44, '75000', '2019-05-01 14:30:34'),
(2276, 62, 45, '75000', '2019-05-01 14:30:34'),
(2277, 62, 46, '75000', '2019-05-01 14:30:34'),
(2278, 62, 47, '75000', '2019-05-01 14:30:34'),
(2279, 62, 48, '75000', '2019-05-01 14:30:34'),
(2280, 62, 49, '75000', '2019-05-01 14:30:34'),
(2281, 63, 1, '80000', '2019-05-01 14:30:53'),
(2282, 63, 2, '80000', '2019-05-01 14:30:53'),
(2283, 63, 3, '80000', '2019-05-01 14:30:53'),
(2284, 63, 4, '80000', '2019-05-01 14:30:53'),
(2285, 63, 5, '80000', '2019-05-01 14:30:53'),
(2286, 63, 6, '80000', '2019-05-01 14:30:53'),
(2287, 63, 7, '80000', '2019-05-01 14:30:53'),
(2288, 63, 8, '80000', '2019-05-01 14:30:53'),
(2289, 63, 9, '80000', '2019-05-01 14:30:53'),
(2290, 63, 10, '80000', '2019-05-01 14:30:53'),
(2291, 63, 11, '80000', '2019-05-01 14:30:53'),
(2292, 63, 12, '75000', '2019-05-01 14:30:54'),
(2293, 63, 13, '75000', '2019-05-01 14:30:54'),
(2294, 63, 14, '75000', '2019-05-01 14:30:54'),
(2295, 63, 15, '75000', '2019-05-01 14:30:54'),
(2296, 63, 16, '75000', '2019-05-01 14:30:54'),
(2297, 63, 17, '75000', '2019-05-01 14:30:54'),
(2298, 63, 18, '75000', '2019-05-01 14:30:54'),
(2299, 63, 19, '75000', '2019-05-01 14:30:55'),
(2300, 63, 20, '75000', '2019-05-01 14:30:55'),
(2301, 63, 21, '75000', '2019-05-01 14:30:55'),
(2302, 63, 22, '75000', '2019-05-01 14:30:55'),
(2303, 63, 23, '75000', '2019-05-01 14:30:55'),
(2304, 63, 24, '75000', '2019-05-01 14:30:55'),
(2305, 63, 25, '75000', '2019-05-01 14:30:55'),
(2306, 63, 26, '75000', '2019-05-01 14:30:55'),
(2307, 63, 27, '75000', '2019-05-01 14:30:55'),
(2308, 63, 28, '75000', '2019-05-01 14:30:55'),
(2309, 63, 29, '75000', '2019-05-01 14:30:55'),
(2310, 63, 30, '75000', '2019-05-01 14:30:55'),
(2311, 63, 31, '75000', '2019-05-01 14:30:55'),
(2312, 63, 32, '75000', '2019-05-01 14:30:55'),
(2313, 63, 33, '75000', '2019-05-01 14:30:56'),
(2314, 63, 34, '75000', '2019-05-01 14:30:56'),
(2315, 63, 35, '75000', '2019-05-01 14:30:56'),
(2316, 63, 36, '75000', '2019-05-01 14:30:56'),
(2317, 63, 37, '75000', '2019-05-01 14:30:56'),
(2318, 63, 38, '75000', '2019-05-01 14:30:56'),
(2319, 63, 39, '75000', '2019-05-01 14:30:56'),
(2320, 63, 40, '75000', '2019-05-01 14:30:56'),
(2321, 63, 41, '75000', '2019-05-01 14:30:56'),
(2322, 63, 42, '75000', '2019-05-01 14:30:56'),
(2323, 63, 43, '75000', '2019-05-01 14:30:56'),
(2324, 63, 44, '75000', '2019-05-01 14:30:57'),
(2325, 63, 45, '75000', '2019-05-01 14:30:57'),
(2326, 63, 46, '75000', '2019-05-01 14:30:57'),
(2327, 63, 47, '75000', '2019-05-01 14:30:57'),
(2328, 63, 48, '75000', '2019-05-01 14:30:57'),
(2329, 63, 49, '75000', '2019-05-01 14:30:57'),
(2330, 64, 1, '80000', '2019-05-01 14:36:09'),
(2331, 64, 2, '80000', '2019-05-01 14:36:09'),
(2332, 64, 3, '80000', '2019-05-01 14:36:09'),
(2333, 64, 4, '80000', '2019-05-01 14:36:09'),
(2334, 64, 5, '80000', '2019-05-01 14:36:09'),
(2335, 64, 6, '80000', '2019-05-01 14:36:09'),
(2336, 64, 7, '80000', '2019-05-01 14:36:09'),
(2337, 64, 8, '80000', '2019-05-01 14:36:09'),
(2338, 64, 9, '80000', '2019-05-01 14:36:09'),
(2339, 64, 10, '80000', '2019-05-01 14:36:09'),
(2340, 64, 11, '80000', '2019-05-01 14:36:10'),
(2341, 64, 12, '75000', '2019-05-01 14:36:10'),
(2342, 64, 13, '75000', '2019-05-01 14:36:10'),
(2343, 64, 14, '75000', '2019-05-01 14:36:10'),
(2344, 64, 15, '75000', '2019-05-01 14:36:10'),
(2345, 64, 16, '75000', '2019-05-01 14:36:10'),
(2346, 64, 17, '75000', '2019-05-01 14:36:10'),
(2347, 64, 18, '75000', '2019-05-01 14:36:10'),
(2348, 64, 19, '75000', '2019-05-01 14:36:10'),
(2349, 64, 20, '75000', '2019-05-01 14:36:10'),
(2350, 64, 21, '75000', '2019-05-01 14:36:10'),
(2351, 64, 22, '75000', '2019-05-01 14:36:10'),
(2352, 64, 23, '75000', '2019-05-01 14:36:10'),
(2353, 64, 24, '75000', '2019-05-01 14:36:11'),
(2354, 64, 25, '75000', '2019-05-01 14:36:11'),
(2355, 64, 26, '75000', '2019-05-01 14:36:11'),
(2356, 64, 27, '75000', '2019-05-01 14:36:11'),
(2357, 64, 28, '75000', '2019-05-01 14:36:11'),
(2358, 64, 29, '75000', '2019-05-01 14:36:11'),
(2359, 64, 30, '75000', '2019-05-01 14:36:11'),
(2360, 64, 31, '75000', '2019-05-01 14:36:11'),
(2361, 64, 32, '75000', '2019-05-01 14:36:11'),
(2362, 64, 33, '75000', '2019-05-01 14:36:11'),
(2363, 64, 34, '75000', '2019-05-01 14:36:11'),
(2364, 64, 35, '75000', '2019-05-01 14:36:11'),
(2365, 64, 36, '75000', '2019-05-01 14:36:11'),
(2366, 64, 37, '75000', '2019-05-01 14:36:12'),
(2367, 64, 38, '75000', '2019-05-01 14:36:12'),
(2368, 64, 39, '75000', '2019-05-01 14:36:12'),
(2369, 64, 40, '75000', '2019-05-01 14:36:12'),
(2370, 64, 41, '75000', '2019-05-01 14:36:13'),
(2371, 64, 42, '75000', '2019-05-01 14:36:13'),
(2372, 64, 43, '75000', '2019-05-01 14:36:13'),
(2373, 64, 44, '75000', '2019-05-01 14:36:13'),
(2374, 64, 45, '75000', '2019-05-01 14:36:13'),
(2375, 64, 46, '75000', '2019-05-01 14:36:13'),
(2376, 64, 47, '75000', '2019-05-01 14:36:13'),
(2377, 64, 48, '75000', '2019-05-01 14:36:14'),
(2378, 64, 49, '75000', '2019-05-01 14:36:14'),
(2379, 65, 1, '80000', '2019-05-01 14:36:40'),
(2380, 65, 2, '80000', '2019-05-01 14:36:40'),
(2381, 65, 3, '80000', '2019-05-01 14:36:40'),
(2382, 65, 4, '80000', '2019-05-01 14:36:40'),
(2383, 65, 5, '80000', '2019-05-01 14:36:40'),
(2384, 65, 6, '80000', '2019-05-01 14:36:40'),
(2385, 65, 7, '80000', '2019-05-01 14:36:40'),
(2386, 65, 8, '80000', '2019-05-01 14:36:41'),
(2387, 65, 9, '80000', '2019-05-01 14:36:41'),
(2388, 65, 10, '80000', '2019-05-01 14:36:41'),
(2389, 65, 11, '80000', '2019-05-01 14:36:41'),
(2390, 65, 12, '75000', '2019-05-01 14:36:41'),
(2391, 65, 13, '75000', '2019-05-01 14:36:41'),
(2392, 65, 14, '75000', '2019-05-01 14:36:41'),
(2393, 65, 15, '75000', '2019-05-01 14:36:41'),
(2394, 65, 16, '75000', '2019-05-01 14:36:41'),
(2395, 65, 17, '75000', '2019-05-01 14:36:42'),
(2396, 65, 18, '75000', '2019-05-01 14:36:42'),
(2397, 65, 19, '75000', '2019-05-01 14:36:42'),
(2398, 65, 20, '75000', '2019-05-01 14:36:42'),
(2399, 65, 21, '75000', '2019-05-01 14:36:42'),
(2400, 65, 22, '75000', '2019-05-01 14:36:42'),
(2401, 65, 23, '75000', '2019-05-01 14:36:42'),
(2402, 65, 24, '75000', '2019-05-01 14:36:42'),
(2403, 65, 25, '75000', '2019-05-01 14:36:42'),
(2404, 65, 26, '75000', '2019-05-01 14:36:42'),
(2405, 65, 27, '75000', '2019-05-01 14:36:42'),
(2406, 65, 28, '75000', '2019-05-01 14:36:42'),
(2407, 65, 29, '75000', '2019-05-01 14:36:42'),
(2408, 65, 30, '75000', '2019-05-01 14:36:43'),
(2409, 65, 31, '75000', '2019-05-01 14:36:43'),
(2410, 65, 32, '75000', '2019-05-01 14:36:43'),
(2411, 65, 33, '75000', '2019-05-01 14:36:43'),
(2412, 65, 34, '75000', '2019-05-01 14:36:43'),
(2413, 65, 35, '75000', '2019-05-01 14:36:43'),
(2414, 65, 36, '75000', '2019-05-01 14:36:43'),
(2415, 65, 37, '75000', '2019-05-01 14:36:43'),
(2416, 65, 38, '75000', '2019-05-01 14:36:44'),
(2417, 65, 39, '75000', '2019-05-01 14:36:44'),
(2418, 65, 40, '75000', '2019-05-01 14:36:44'),
(2419, 65, 41, '75000', '2019-05-01 14:36:44'),
(2420, 65, 42, '75000', '2019-05-01 14:36:44'),
(2421, 65, 43, '75000', '2019-05-01 14:36:44'),
(2422, 65, 44, '75000', '2019-05-01 14:36:44'),
(2423, 65, 45, '75000', '2019-05-01 14:36:44'),
(2424, 65, 46, '75000', '2019-05-01 14:36:44'),
(2425, 65, 47, '75000', '2019-05-01 14:36:44'),
(2426, 65, 48, '75000', '2019-05-01 14:36:44'),
(2427, 65, 49, '75000', '2019-05-01 14:36:44'),
(2428, 66, 1, '125000', '2019-05-01 14:37:11'),
(2429, 66, 2, '125000', '2019-05-01 14:37:11'),
(2430, 66, 3, '125000', '2019-05-01 14:37:11'),
(2431, 66, 4, '125000', '2019-05-01 14:37:11'),
(2432, 66, 5, '125000', '2019-05-01 14:37:11'),
(2433, 66, 6, '125000', '2019-05-01 14:37:12'),
(2434, 66, 7, '125000', '2019-05-01 14:37:12'),
(2435, 66, 8, '125000', '2019-05-01 14:37:12'),
(2436, 66, 9, '125000', '2019-05-01 14:37:12'),
(2437, 66, 10, '125000', '2019-05-01 14:37:12'),
(2438, 66, 11, '125000', '2019-05-01 14:37:12'),
(2439, 66, 12, '105000', '2019-05-01 14:37:12'),
(2440, 66, 13, '105000', '2019-05-01 14:37:12'),
(2441, 66, 14, '105000', '2019-05-01 14:37:12'),
(2442, 66, 15, '105000', '2019-05-01 14:37:12'),
(2443, 66, 16, '105000', '2019-05-01 14:37:12'),
(2444, 66, 17, '105000', '2019-05-01 14:37:12'),
(2445, 66, 18, '105000', '2019-05-01 14:37:12'),
(2446, 66, 19, '105000', '2019-05-01 14:37:12'),
(2447, 66, 20, '105000', '2019-05-01 14:37:12'),
(2448, 66, 21, '105000', '2019-05-01 14:37:13'),
(2449, 66, 22, '105000', '2019-05-01 14:37:13'),
(2450, 66, 23, '105000', '2019-05-01 14:37:13'),
(2451, 66, 24, '105000', '2019-05-01 14:37:13'),
(2452, 66, 25, '105000', '2019-05-01 14:37:13'),
(2453, 66, 26, '105000', '2019-05-01 14:37:13'),
(2454, 66, 27, '105000', '2019-05-01 14:37:13'),
(2455, 66, 28, '105000', '2019-05-01 14:37:13'),
(2456, 66, 29, '105000', '2019-05-01 14:37:13'),
(2457, 66, 30, '105000', '2019-05-01 14:37:13'),
(2458, 66, 31, '105000', '2019-05-01 14:37:14'),
(2459, 66, 32, '105000', '2019-05-01 14:37:14'),
(2460, 66, 33, '105000', '2019-05-01 14:37:14'),
(2461, 66, 34, '105000', '2019-05-01 14:37:14'),
(2462, 66, 35, '105000', '2019-05-01 14:37:14'),
(2463, 66, 36, '105000', '2019-05-01 14:37:14'),
(2464, 66, 37, '105000', '2019-05-01 14:37:14'),
(2465, 66, 38, '105000', '2019-05-01 14:37:14'),
(2466, 66, 39, '105000', '2019-05-01 14:37:14'),
(2467, 66, 40, '105000', '2019-05-01 14:37:14'),
(2468, 66, 41, '105000', '2019-05-01 14:37:14'),
(2469, 66, 42, '105000', '2019-05-01 14:37:14'),
(2470, 66, 43, '105000', '2019-05-01 14:37:14'),
(2471, 66, 44, '105000', '2019-05-01 14:37:14'),
(2472, 66, 45, '105000', '2019-05-01 14:37:14'),
(2473, 66, 46, '105000', '2019-05-01 14:37:14'),
(2474, 66, 47, '105000', '2019-05-01 14:37:14'),
(2475, 66, 48, '105000', '2019-05-01 14:37:14'),
(2476, 66, 49, '105000', '2019-05-01 14:37:15'),
(2477, 67, 1, '125000', '2019-05-01 14:38:56'),
(2478, 67, 2, '125000', '2019-05-01 14:38:56'),
(2479, 67, 3, '125000', '2019-05-01 14:38:56'),
(2480, 67, 4, '125000', '2019-05-01 14:38:56'),
(2481, 67, 5, '125000', '2019-05-01 14:38:56'),
(2482, 67, 6, '125000', '2019-05-01 14:38:56'),
(2483, 67, 7, '125000', '2019-05-01 14:38:56'),
(2484, 67, 8, '125000', '2019-05-01 14:38:56'),
(2485, 67, 9, '125000', '2019-05-01 14:38:56'),
(2486, 67, 10, '125000', '2019-05-01 14:38:56'),
(2487, 67, 11, '125000', '2019-05-01 14:38:56'),
(2488, 67, 12, '105000', '2019-05-01 14:38:56'),
(2489, 67, 13, '105000', '2019-05-01 14:38:56'),
(2490, 67, 14, '105000', '2019-05-01 14:38:57'),
(2491, 67, 15, '105000', '2019-05-01 14:38:57'),
(2492, 67, 16, '105000', '2019-05-01 14:38:57'),
(2493, 67, 17, '105000', '2019-05-01 14:38:57'),
(2494, 67, 18, '105000', '2019-05-01 14:38:57'),
(2495, 67, 19, '105000', '2019-05-01 14:38:57'),
(2496, 67, 20, '105000', '2019-05-01 14:38:57'),
(2497, 67, 21, '105000', '2019-05-01 14:38:57'),
(2498, 67, 22, '105000', '2019-05-01 14:38:57'),
(2499, 67, 23, '105000', '2019-05-01 14:38:57'),
(2500, 67, 24, '105000', '2019-05-01 14:38:57'),
(2501, 67, 25, '105000', '2019-05-01 14:38:57'),
(2502, 67, 26, '105000', '2019-05-01 14:38:57'),
(2503, 67, 27, '105000', '2019-05-01 14:38:57'),
(2504, 67, 28, '105000', '2019-05-01 14:38:57'),
(2505, 67, 29, '105000', '2019-05-01 14:38:57'),
(2506, 67, 30, '105000', '2019-05-01 14:38:57'),
(2507, 67, 31, '105000', '2019-05-01 14:38:57'),
(2508, 67, 32, '105000', '2019-05-01 14:38:58'),
(2509, 67, 33, '105000', '2019-05-01 14:38:58'),
(2510, 67, 34, '105000', '2019-05-01 14:38:58'),
(2511, 67, 35, '105000', '2019-05-01 14:38:58'),
(2512, 67, 36, '105000', '2019-05-01 14:38:58'),
(2513, 67, 37, '105000', '2019-05-01 14:38:58'),
(2514, 67, 38, '105000', '2019-05-01 14:38:58'),
(2515, 67, 39, '105000', '2019-05-01 14:38:58'),
(2516, 67, 40, '105000', '2019-05-01 14:38:58'),
(2517, 67, 41, '105000', '2019-05-01 14:38:59'),
(2518, 67, 42, '105000', '2019-05-01 14:38:59'),
(2519, 67, 43, '105000', '2019-05-01 14:38:59'),
(2520, 67, 44, '105000', '2019-05-01 14:38:59'),
(2521, 67, 45, '105000', '2019-05-01 14:38:59'),
(2522, 67, 46, '105000', '2019-05-01 14:38:59'),
(2523, 67, 47, '105000', '2019-05-01 14:38:59'),
(2524, 67, 48, '105000', '2019-05-01 14:38:59'),
(2525, 67, 49, '105000', '2019-05-01 14:39:00'),
(2526, 23, 12, '250000', '2019-05-03 03:58:13'),
(2527, 23, 13, '250000', '2019-05-03 03:58:14'),
(2528, 23, 14, '250000', '2019-05-03 03:58:14'),
(2529, 23, 15, '250000', '2019-05-03 03:58:14'),
(2530, 23, 16, '250000', '2019-05-03 03:58:14'),
(2531, 23, 17, '250000', '2019-05-03 03:58:14'),
(2532, 23, 18, '250000', '2019-05-03 03:58:14'),
(2533, 23, 19, '250000', '2019-05-03 03:58:14'),
(2534, 23, 20, '250000', '2019-05-03 03:58:14'),
(2535, 23, 21, '250000', '2019-05-03 03:58:14'),
(2536, 23, 22, '250000', '2019-05-03 03:58:14'),
(2537, 23, 23, '250000', '2019-05-03 03:58:15'),
(2538, 23, 24, '250000', '2019-05-03 03:58:15'),
(2539, 23, 25, '250000', '2019-05-03 03:58:15'),
(2540, 23, 26, '250000', '2019-05-03 03:58:15'),
(2541, 23, 27, '250000', '2019-05-03 03:58:15'),
(2542, 23, 28, '250000', '2019-05-03 03:58:15'),
(2543, 23, 29, '250000', '2019-05-03 03:58:15'),
(2544, 23, 30, '240000', '2019-05-03 03:58:15'),
(2545, 23, 31, '240000', '2019-05-03 03:58:15'),
(2546, 23, 32, '240000', '2019-05-03 03:58:15'),
(2547, 23, 33, '240000', '2019-05-03 03:58:15'),
(2548, 23, 34, '240000', '2019-05-03 03:58:15'),
(2549, 23, 35, '240000', '2019-05-03 03:58:15'),
(2550, 23, 36, '240000', '2019-05-03 03:58:15'),
(2551, 23, 37, '240000', '2019-05-03 03:58:15'),
(2552, 23, 38, '240000', '2019-05-03 03:58:15'),
(2553, 23, 39, '240000', '2019-05-03 03:58:15'),
(2554, 23, 40, '240000', '2019-05-03 03:58:15'),
(2555, 23, 41, '240000', '2019-05-03 03:58:15'),
(2556, 23, 42, '240000', '2019-05-03 03:58:16'),
(2557, 23, 43, '240000', '2019-05-03 03:58:16'),
(2558, 23, 44, '240000', '2019-05-03 03:58:16'),
(2559, 23, 45, '240000', '2019-05-03 03:58:16'),
(2560, 23, 46, '240000', '2019-05-03 03:58:16'),
(2561, 23, 47, '240000', '2019-05-03 03:58:16'),
(2562, 23, 48, '240000', '2019-05-03 03:58:16'),
(2563, 23, 49, '240000', '2019-05-03 03:58:16'),
(2564, 23, 50, '240000', '2019-05-03 03:58:16'),
(2565, 23, 51, '240000', '2019-05-03 03:58:16'),
(2566, 23, 52, '240000', '2019-05-03 03:58:16'),
(2567, 23, 53, '240000', '2019-05-03 03:58:16'),
(2568, 23, 54, '240000', '2019-05-03 03:58:17'),
(2569, 23, 55, '240000', '2019-05-03 03:58:17'),
(2570, 23, 56, '240000', '2019-05-03 03:58:17'),
(2571, 23, 57, '240000', '2019-05-03 03:58:17'),
(2572, 23, 58, '240000', '2019-05-03 03:58:17'),
(2573, 23, 59, '240000', '2019-05-03 03:58:17'),
(2574, 23, 60, '230000', '2019-05-03 03:58:17'),
(2575, 23, 61, '230000', '2019-05-03 03:58:17'),
(2576, 23, 62, '230000', '2019-05-03 03:58:17'),
(2577, 23, 63, '230000', '2019-05-03 03:58:17'),
(2578, 23, 64, '230000', '2019-05-03 03:58:17'),
(2579, 23, 65, '230000', '2019-05-03 03:58:17'),
(2580, 23, 66, '230000', '2019-05-03 03:58:18'),
(2581, 23, 67, '230000', '2019-05-03 03:58:18'),
(2582, 23, 68, '230000', '2019-05-03 03:58:18'),
(2583, 23, 69, '230000', '2019-05-03 03:58:18'),
(2584, 23, 70, '230000', '2019-05-03 03:58:18'),
(2585, 23, 71, '230000', '2019-05-03 03:58:18'),
(2586, 23, 72, '230000', '2019-05-03 03:58:18'),
(2587, 23, 73, '230000', '2019-05-03 03:58:18'),
(2588, 23, 74, '230000', '2019-05-03 03:58:18'),
(2589, 23, 75, '230000', '2019-05-03 03:58:18'),
(2590, 23, 76, '230000', '2019-05-03 03:58:19'),
(2591, 23, 77, '230000', '2019-05-03 03:58:19'),
(2592, 23, 78, '230000', '2019-05-03 03:58:19'),
(2593, 23, 79, '230000', '2019-05-03 03:58:19'),
(2594, 23, 80, '230000', '2019-05-03 03:58:19'),
(2595, 23, 81, '230000', '2019-05-03 03:58:19'),
(2596, 23, 82, '230000', '2019-05-03 03:58:19'),
(2597, 23, 83, '230000', '2019-05-03 03:58:19'),
(2598, 23, 84, '230000', '2019-05-03 03:58:19'),
(2599, 23, 85, '230000', '2019-05-03 03:58:19'),
(2600, 23, 86, '230000', '2019-05-03 03:58:19'),
(2601, 23, 87, '230000', '2019-05-03 03:58:19'),
(2602, 23, 88, '230000', '2019-05-03 03:58:19'),
(2603, 23, 89, '230000', '2019-05-03 03:58:19'),
(2604, 23, 90, '220000', '2019-05-03 03:58:19'),
(2605, 23, 91, '220000', '2019-05-03 03:58:19'),
(2606, 23, 92, '220000', '2019-05-03 03:58:19'),
(2607, 23, 93, '220000', '2019-05-03 03:58:20'),
(2608, 23, 94, '220000', '2019-05-03 03:58:20'),
(2609, 23, 95, '220000', '2019-05-03 03:58:20'),
(2610, 23, 96, '220000', '2019-05-03 03:58:20'),
(2611, 23, 97, '220000', '2019-05-03 03:58:20'),
(2612, 23, 98, '220000', '2019-05-03 03:58:20'),
(2613, 23, 99, '220000', '2019-05-03 03:58:20'),
(2614, 23, 100, '220000', '2019-05-03 03:58:20'),
(2615, 23, 101, '220000', '2019-05-03 03:58:20'),
(2616, 23, 102, '220000', '2019-05-03 03:58:20'),
(2617, 23, 103, '220000', '2019-05-03 03:58:20'),
(2618, 23, 104, '220000', '2019-05-03 03:58:20'),
(2619, 23, 105, '220000', '2019-05-03 03:58:20'),
(2620, 23, 106, '220000', '2019-05-03 03:58:20'),
(2621, 23, 107, '220000', '2019-05-03 03:58:20'),
(2622, 23, 108, '220000', '2019-05-03 03:58:20'),
(2623, 23, 109, '220000', '2019-05-03 03:58:20'),
(2624, 23, 110, '220000', '2019-05-03 03:58:20'),
(2625, 23, 111, '220000', '2019-05-03 03:58:21'),
(2626, 23, 112, '220000', '2019-05-03 03:58:21'),
(2627, 23, 113, '220000', '2019-05-03 03:58:21'),
(2628, 23, 114, '220000', '2019-05-03 03:58:21'),
(2629, 23, 115, '220000', '2019-05-03 03:58:21'),
(2630, 23, 116, '220000', '2019-05-03 03:58:21'),
(2631, 23, 117, '220000', '2019-05-03 03:58:21'),
(2632, 23, 118, '220000', '2019-05-03 03:58:21'),
(2633, 23, 119, '220000', '2019-05-03 03:58:21'),
(2634, 23, 120, '215000', '2019-05-03 03:58:21'),
(2635, 23, 121, '215000', '2019-05-03 03:58:21'),
(2636, 23, 122, '215000', '2019-05-03 03:58:21'),
(2637, 23, 123, '215000', '2019-05-03 03:58:21'),
(2638, 23, 124, '215000', '2019-05-03 03:58:21'),
(2639, 23, 125, '215000', '2019-05-03 03:58:22'),
(2640, 23, 126, '215000', '2019-05-03 03:58:22'),
(2641, 23, 127, '215000', '2019-05-03 03:58:22'),
(2642, 23, 128, '215000', '2019-05-03 03:58:22'),
(2643, 23, 129, '215000', '2019-05-03 03:58:22'),
(2644, 23, 130, '215000', '2019-05-03 03:58:22'),
(2645, 23, 131, '215000', '2019-05-03 03:58:22'),
(2646, 23, 132, '215000', '2019-05-03 03:58:22'),
(2647, 23, 133, '215000', '2019-05-03 03:58:22'),
(2648, 23, 134, '215000', '2019-05-03 03:58:22'),
(2649, 23, 135, '215000', '2019-05-03 03:58:22'),
(2650, 23, 136, '215000', '2019-05-03 03:58:23'),
(2651, 23, 137, '215000', '2019-05-03 03:58:23'),
(2652, 23, 138, '215000', '2019-05-03 03:58:23'),
(2653, 23, 139, '215000', '2019-05-03 03:58:23'),
(2654, 23, 140, '215000', '2019-05-03 03:58:23'),
(2655, 23, 141, '215000', '2019-05-03 03:58:23'),
(2656, 23, 142, '215000', '2019-05-03 03:58:23'),
(2657, 23, 143, '215000', '2019-05-03 03:58:23'),
(2658, 23, 144, '215000', '2019-05-03 03:58:23'),
(2659, 23, 145, '215000', '2019-05-03 03:58:23'),
(2660, 23, 146, '215000', '2019-05-03 03:58:23'),
(2661, 23, 147, '215000', '2019-05-03 03:58:23'),
(2662, 23, 148, '215000', '2019-05-03 03:58:23'),
(2663, 23, 149, '215000', '2019-05-03 03:58:23'),
(2664, 23, 150, '215000', '2019-05-03 03:58:23'),
(2665, 23, 151, '215000', '2019-05-03 03:58:24'),
(2666, 23, 152, '215000', '2019-05-03 03:58:24'),
(2667, 23, 153, '215000', '2019-05-03 03:58:24'),
(2668, 23, 154, '215000', '2019-05-03 03:58:24'),
(2669, 23, 155, '215000', '2019-05-03 03:58:24'),
(2670, 23, 156, '215000', '2019-05-03 03:58:24'),
(2671, 23, 157, '215000', '2019-05-03 03:58:24'),
(2672, 23, 158, '215000', '2019-05-03 03:58:24'),
(2673, 23, 159, '215000', '2019-05-03 03:58:24'),
(2674, 23, 160, '215000', '2019-05-03 03:58:24'),
(2675, 23, 161, '215000', '2019-05-03 03:58:24'),
(2676, 23, 162, '215000', '2019-05-03 03:58:24'),
(2677, 23, 163, '215000', '2019-05-03 03:58:24'),
(2678, 23, 164, '215000', '2019-05-03 03:58:24'),
(2679, 23, 165, '215000', '2019-05-03 03:58:24'),
(2680, 23, 166, '215000', '2019-05-03 03:58:24'),
(2681, 23, 167, '215000', '2019-05-03 03:58:25'),
(2682, 23, 168, '215000', '2019-05-03 03:58:25'),
(2683, 23, 169, '215000', '2019-05-03 03:58:25'),
(2684, 23, 170, '215000', '2019-05-03 03:58:25'),
(2685, 23, 171, '215000', '2019-05-03 03:58:25'),
(2686, 23, 172, '215000', '2019-05-03 03:58:25'),
(2687, 23, 173, '215000', '2019-05-03 03:58:25'),
(2688, 23, 174, '215000', '2019-05-03 03:58:25'),
(2689, 23, 175, '215000', '2019-05-03 03:58:25'),
(2690, 23, 176, '215000', '2019-05-03 03:58:25'),
(2691, 23, 177, '215000', '2019-05-03 03:58:25'),
(2692, 23, 178, '215000', '2019-05-03 03:58:25'),
(2693, 23, 179, '215000', '2019-05-03 03:58:25'),
(2694, 23, 180, '215000', '2019-05-03 03:58:25'),
(2695, 23, 181, '215000', '2019-05-03 03:58:25'),
(2696, 23, 182, '215000', '2019-05-03 03:58:25'),
(2697, 23, 183, '215000', '2019-05-03 03:58:25'),
(2698, 23, 184, '215000', '2019-05-03 03:58:26'),
(2699, 23, 185, '215000', '2019-05-03 03:58:26'),
(2700, 23, 186, '215000', '2019-05-03 03:58:26'),
(2701, 23, 187, '215000', '2019-05-03 03:58:26'),
(2702, 23, 188, '215000', '2019-05-03 03:58:26'),
(2703, 23, 189, '215000', '2019-05-03 03:58:26'),
(2704, 23, 190, '215000', '2019-05-03 03:58:26'),
(2705, 23, 191, '215000', '2019-05-03 03:58:26'),
(2706, 23, 192, '215000', '2019-05-03 03:58:26'),
(2707, 23, 193, '215000', '2019-05-03 03:58:26'),
(2708, 23, 194, '215000', '2019-05-03 03:58:26'),
(2709, 23, 195, '215000', '2019-05-03 03:58:26'),
(2710, 23, 196, '215000', '2019-05-03 03:58:26'),
(2711, 23, 197, '215000', '2019-05-03 03:58:26'),
(2712, 23, 198, '215000', '2019-05-03 03:58:26'),
(2713, 23, 199, '215000', '2019-05-03 03:58:26'),
(2714, 23, 200, '215000', '2019-05-03 03:58:26'),
(2715, 23, 201, '215000', '2019-05-03 03:58:26'),
(2716, 23, 202, '215000', '2019-05-03 03:58:27'),
(2717, 23, 203, '215000', '2019-05-03 03:58:27'),
(2718, 23, 204, '215000', '2019-05-03 03:58:27'),
(2719, 23, 205, '215000', '2019-05-03 03:58:27'),
(2720, 23, 206, '215000', '2019-05-03 03:58:27'),
(2721, 23, 207, '215000', '2019-05-03 03:58:27'),
(2722, 23, 208, '215000', '2019-05-03 03:58:27'),
(2723, 23, 209, '215000', '2019-05-03 03:58:27'),
(2724, 23, 210, '215000', '2019-05-03 03:58:27'),
(2725, 23, 211, '215000', '2019-05-03 03:58:27'),
(2726, 23, 212, '215000', '2019-05-03 03:58:27'),
(2727, 23, 213, '215000', '2019-05-03 03:58:27'),
(2728, 23, 214, '215000', '2019-05-03 03:58:28'),
(2729, 23, 215, '215000', '2019-05-03 03:58:28'),
(2730, 23, 216, '215000', '2019-05-03 03:58:28'),
(2731, 23, 217, '215000', '2019-05-03 03:58:28'),
(2732, 23, 218, '215000', '2019-05-03 03:58:28'),
(2733, 23, 219, '215000', '2019-05-03 03:58:28'),
(2734, 23, 220, '215000', '2019-05-03 03:58:28'),
(2735, 23, 221, '215000', '2019-05-03 03:58:28'),
(2736, 23, 222, '215000', '2019-05-03 03:58:28'),
(2737, 23, 223, '215000', '2019-05-03 03:58:28'),
(2738, 23, 224, '215000', '2019-05-03 03:58:28'),
(2739, 23, 225, '215000', '2019-05-03 03:58:28'),
(2740, 23, 226, '215000', '2019-05-03 03:58:29'),
(2741, 23, 227, '215000', '2019-05-03 03:58:29'),
(2742, 23, 228, '215000', '2019-05-03 03:58:29'),
(2743, 23, 229, '215000', '2019-05-03 03:58:29'),
(2744, 23, 230, '215000', '2019-05-03 03:58:29'),
(2745, 23, 231, '215000', '2019-05-03 03:58:29'),
(2746, 23, 232, '215000', '2019-05-03 03:58:29'),
(2747, 23, 233, '215000', '2019-05-03 03:58:29'),
(2748, 23, 234, '215000', '2019-05-03 03:58:29'),
(2749, 23, 235, '215000', '2019-05-03 03:58:29'),
(2750, 23, 236, '215000', '2019-05-03 03:58:29'),
(2751, 23, 237, '215000', '2019-05-03 03:58:29'),
(2752, 23, 238, '215000', '2019-05-03 03:58:29'),
(2753, 23, 239, '215000', '2019-05-03 03:58:29'),
(2754, 23, 240, '215000', '2019-05-03 03:58:29'),
(2755, 23, 241, '215000', '2019-05-03 03:58:29'),
(2756, 23, 242, '215000', '2019-05-03 03:58:29'),
(2757, 23, 243, '215000', '2019-05-03 03:58:30'),
(2758, 23, 244, '215000', '2019-05-03 03:58:30'),
(2759, 23, 245, '215000', '2019-05-03 03:58:30'),
(2760, 23, 246, '215000', '2019-05-03 03:58:30'),
(2761, 23, 247, '215000', '2019-05-03 03:58:30'),
(2762, 23, 248, '215000', '2019-05-03 03:58:30'),
(2763, 23, 249, '215000', '2019-05-03 03:58:30'),
(2764, 23, 250, '215000', '2019-05-03 03:58:30'),
(2765, 23, 251, '215000', '2019-05-03 03:58:30'),
(2766, 23, 252, '215000', '2019-05-03 03:58:30'),
(2767, 23, 253, '215000', '2019-05-03 03:58:30'),
(2768, 23, 254, '215000', '2019-05-03 03:58:30'),
(2769, 23, 255, '215000', '2019-05-03 03:58:30'),
(2770, 23, 256, '215000', '2019-05-03 03:58:30'),
(2771, 23, 257, '215000', '2019-05-03 03:58:31'),
(2772, 23, 258, '215000', '2019-05-03 03:58:31'),
(2773, 23, 259, '215000', '2019-05-03 03:58:31'),
(2774, 23, 260, '215000', '2019-05-03 03:58:31'),
(2775, 23, 261, '215000', '2019-05-03 03:58:31'),
(2776, 23, 262, '215000', '2019-05-03 03:58:31'),
(2777, 23, 263, '215000', '2019-05-03 03:58:31'),
(2778, 23, 264, '215000', '2019-05-03 03:58:31'),
(2779, 23, 265, '215000', '2019-05-03 03:58:31'),
(2780, 23, 266, '215000', '2019-05-03 03:58:31'),
(2781, 23, 267, '215000', '2019-05-03 03:58:31'),
(2782, 23, 268, '215000', '2019-05-03 03:58:31'),
(2783, 23, 269, '215000', '2019-05-03 03:58:31'),
(2784, 23, 270, '215000', '2019-05-03 03:58:32'),
(2785, 23, 271, '215000', '2019-05-03 03:58:32'),
(2786, 23, 272, '215000', '2019-05-03 03:58:32'),
(2787, 23, 273, '215000', '2019-05-03 03:58:32'),
(2788, 23, 274, '215000', '2019-05-03 03:58:32'),
(2789, 23, 275, '215000', '2019-05-03 03:58:32'),
(2790, 23, 276, '215000', '2019-05-03 03:58:32'),
(2791, 23, 277, '215000', '2019-05-03 03:58:32'),
(2792, 23, 278, '215000', '2019-05-03 03:58:33'),
(2793, 23, 279, '215000', '2019-05-03 03:58:33'),
(2794, 23, 280, '215000', '2019-05-03 03:58:33'),
(2795, 23, 281, '215000', '2019-05-03 03:58:33'),
(2796, 23, 282, '215000', '2019-05-03 03:58:33'),
(2797, 23, 283, '215000', '2019-05-03 03:58:33'),
(2798, 23, 284, '215000', '2019-05-03 03:58:33'),
(2799, 23, 285, '215000', '2019-05-03 03:58:33'),
(2800, 23, 286, '215000', '2019-05-03 03:58:34'),
(2801, 23, 287, '215000', '2019-05-03 03:58:34'),
(2802, 23, 288, '215000', '2019-05-03 03:58:34'),
(2803, 23, 289, '215000', '2019-05-03 03:58:34'),
(2804, 23, 290, '215000', '2019-05-03 03:58:34'),
(2805, 23, 291, '215000', '2019-05-03 03:58:34'),
(2806, 23, 292, '215000', '2019-05-03 03:58:34'),
(2807, 23, 293, '215000', '2019-05-03 03:58:34'),
(2808, 23, 294, '215000', '2019-05-03 03:58:34'),
(2809, 23, 295, '215000', '2019-05-03 03:58:34'),
(2810, 23, 296, '215000', '2019-05-03 03:58:34'),
(2811, 23, 297, '215000', '2019-05-03 03:58:35'),
(2812, 23, 298, '215000', '2019-05-03 03:58:35'),
(2813, 23, 299, '215000', '2019-05-03 03:58:35'),
(2814, 23, 300, '215000', '2019-05-03 03:58:35'),
(2815, 23, 301, '215000', '2019-05-03 03:58:35'),
(2816, 23, 302, '215000', '2019-05-03 03:58:35'),
(2817, 23, 303, '215000', '2019-05-03 03:58:35'),
(2818, 23, 304, '215000', '2019-05-03 03:58:35'),
(2819, 23, 305, '215000', '2019-05-03 03:58:35'),
(2820, 23, 306, '215000', '2019-05-03 03:58:36'),
(2821, 23, 307, '215000', '2019-05-03 03:58:36'),
(2822, 23, 308, '215000', '2019-05-03 03:58:36'),
(2823, 23, 309, '215000', '2019-05-03 03:58:36'),
(2824, 23, 310, '215000', '2019-05-03 03:58:36'),
(2825, 23, 311, '215000', '2019-05-03 03:58:36'),
(2826, 23, 312, '215000', '2019-05-03 03:58:36'),
(2827, 23, 313, '215000', '2019-05-03 03:58:36'),
(2828, 23, 314, '215000', '2019-05-03 03:58:36'),
(2829, 23, 315, '215000', '2019-05-03 03:58:36'),
(2830, 23, 316, '215000', '2019-05-03 03:58:36'),
(2831, 23, 317, '215000', '2019-05-03 03:58:36'),
(2832, 23, 318, '215000', '2019-05-03 03:58:37'),
(2833, 23, 319, '215000', '2019-05-03 03:58:37'),
(2834, 23, 320, '215000', '2019-05-03 03:58:37'),
(2835, 23, 321, '215000', '2019-05-03 03:58:37'),
(2836, 23, 322, '215000', '2019-05-03 03:58:37'),
(2837, 23, 323, '215000', '2019-05-03 03:58:37'),
(2838, 23, 324, '215000', '2019-05-03 03:58:37'),
(2839, 23, 325, '215000', '2019-05-03 03:58:37'),
(2840, 23, 326, '215000', '2019-05-03 03:58:37'),
(2841, 23, 327, '215000', '2019-05-03 03:58:37'),
(2842, 23, 328, '215000', '2019-05-03 03:58:37'),
(2843, 23, 329, '215000', '2019-05-03 03:58:37'),
(2844, 23, 330, '215000', '2019-05-03 03:58:37'),
(2845, 23, 331, '215000', '2019-05-03 03:58:37'),
(2846, 23, 332, '215000', '2019-05-03 03:58:38'),
(2847, 23, 333, '215000', '2019-05-03 03:58:38'),
(2848, 23, 334, '215000', '2019-05-03 03:58:38'),
(2849, 23, 335, '215000', '2019-05-03 03:58:38'),
(2850, 23, 336, '215000', '2019-05-03 03:58:38'),
(2851, 23, 337, '215000', '2019-05-03 03:58:38'),
(2852, 23, 338, '215000', '2019-05-03 03:58:38'),
(2853, 23, 339, '215000', '2019-05-03 03:58:38'),
(2854, 23, 340, '215000', '2019-05-03 03:58:38'),
(2855, 23, 341, '215000', '2019-05-03 03:58:38'),
(2856, 23, 342, '215000', '2019-05-03 03:58:38'),
(2857, 23, 343, '215000', '2019-05-03 03:58:38'),
(2858, 23, 344, '215000', '2019-05-03 03:58:38'),
(2859, 23, 345, '215000', '2019-05-03 03:58:38'),
(2860, 23, 346, '215000', '2019-05-03 03:58:38'),
(2861, 23, 347, '215000', '2019-05-03 03:58:38'),
(2862, 23, 348, '215000', '2019-05-03 03:58:38'),
(2863, 23, 349, '215000', '2019-05-03 03:58:39'),
(2864, 23, 350, '215000', '2019-05-03 03:58:39'),
(2865, 23, 351, '215000', '2019-05-03 03:58:39'),
(2866, 23, 352, '215000', '2019-05-03 03:58:39'),
(2867, 23, 353, '215000', '2019-05-03 03:58:39'),
(2868, 23, 354, '215000', '2019-05-03 03:58:39'),
(2869, 23, 355, '215000', '2019-05-03 03:58:39'),
(2870, 23, 356, '215000', '2019-05-03 03:58:39'),
(2871, 23, 357, '215000', '2019-05-03 03:58:40'),
(2872, 23, 358, '215000', '2019-05-03 03:58:40'),
(2873, 23, 359, '215000', '2019-05-03 03:58:40'),
(2874, 23, 360, '215000', '2019-05-03 03:58:40'),
(2875, 23, 361, '215000', '2019-05-03 03:58:40'),
(2876, 23, 362, '215000', '2019-05-03 03:58:40'),
(2877, 23, 363, '215000', '2019-05-03 03:58:40'),
(2878, 23, 364, '215000', '2019-05-03 03:58:40'),
(2879, 23, 365, '215000', '2019-05-03 03:58:40'),
(2880, 23, 366, '215000', '2019-05-03 03:58:40'),
(2881, 23, 367, '215000', '2019-05-03 03:58:41'),
(2882, 23, 368, '215000', '2019-05-03 03:58:41'),
(2883, 23, 369, '215000', '2019-05-03 03:58:41'),
(2884, 23, 370, '215000', '2019-05-03 03:58:41'),
(2885, 23, 371, '215000', '2019-05-03 03:58:41'),
(2886, 23, 372, '215000', '2019-05-03 03:58:41'),
(2887, 23, 373, '215000', '2019-05-03 03:58:41'),
(2888, 23, 374, '215000', '2019-05-03 03:58:41'),
(2889, 23, 375, '215000', '2019-05-03 03:58:41'),
(2890, 23, 376, '215000', '2019-05-03 03:58:41'),
(2891, 23, 377, '215000', '2019-05-03 03:58:41'),
(2892, 23, 378, '215000', '2019-05-03 03:58:41'),
(2893, 23, 379, '215000', '2019-05-03 03:58:41'),
(2894, 23, 380, '215000', '2019-05-03 03:58:41'),
(2895, 23, 381, '215000', '2019-05-03 03:58:41'),
(2896, 23, 382, '215000', '2019-05-03 03:58:41'),
(2897, 23, 383, '215000', '2019-05-03 03:58:41'),
(2898, 23, 384, '215000', '2019-05-03 03:58:41'),
(2899, 23, 385, '215000', '2019-05-03 03:58:42'),
(2900, 23, 386, '215000', '2019-05-03 03:58:42'),
(2901, 23, 387, '215000', '2019-05-03 03:58:42'),
(2902, 23, 388, '215000', '2019-05-03 03:58:42'),
(2903, 23, 389, '215000', '2019-05-03 03:58:42'),
(2904, 23, 390, '215000', '2019-05-03 03:58:42'),
(2905, 23, 391, '215000', '2019-05-03 03:58:42'),
(2906, 23, 392, '215000', '2019-05-03 03:58:42'),
(2907, 23, 393, '215000', '2019-05-03 03:58:42'),
(2908, 23, 394, '215000', '2019-05-03 03:58:42'),
(2909, 23, 395, '215000', '2019-05-03 03:58:42'),
(2910, 23, 396, '215000', '2019-05-03 03:58:42'),
(2911, 23, 397, '215000', '2019-05-03 03:58:42'),
(2912, 23, 398, '215000', '2019-05-03 03:58:43'),
(2913, 23, 399, '215000', '2019-05-03 03:58:43'),
(2914, 23, 400, '215000', '2019-05-03 03:58:43'),
(2915, 23, 401, '215000', '2019-05-03 03:58:43'),
(2916, 23, 402, '215000', '2019-05-03 03:58:43'),
(2917, 23, 403, '215000', '2019-05-03 03:58:43'),
(2918, 23, 404, '215000', '2019-05-03 03:58:43'),
(2919, 23, 405, '215000', '2019-05-03 03:58:44'),
(2920, 23, 406, '215000', '2019-05-03 03:58:44'),
(2921, 23, 407, '215000', '2019-05-03 03:58:44'),
(2922, 23, 408, '215000', '2019-05-03 03:58:44'),
(2923, 23, 409, '215000', '2019-05-03 03:58:44'),
(2924, 23, 410, '215000', '2019-05-03 03:58:44'),
(2925, 23, 411, '215000', '2019-05-03 03:58:45'),
(2926, 23, 412, '215000', '2019-05-03 03:58:45'),
(2927, 23, 413, '215000', '2019-05-03 03:58:45'),
(2928, 23, 414, '215000', '2019-05-03 03:58:45'),
(2929, 23, 415, '215000', '2019-05-03 03:58:45'),
(2930, 23, 416, '215000', '2019-05-03 03:58:45'),
(2931, 23, 417, '215000', '2019-05-03 03:58:45'),
(2932, 23, 418, '215000', '2019-05-03 03:58:45'),
(2933, 23, 419, '215000', '2019-05-03 03:58:45'),
(2934, 23, 420, '215000', '2019-05-03 03:58:45'),
(2935, 23, 421, '215000', '2019-05-03 03:58:45'),
(2936, 23, 422, '215000', '2019-05-03 03:58:45'),
(2937, 23, 423, '215000', '2019-05-03 03:58:45'),
(2938, 23, 424, '215000', '2019-05-03 03:58:45'),
(2939, 23, 425, '215000', '2019-05-03 03:58:46'),
(2940, 23, 426, '215000', '2019-05-03 03:58:46'),
(2941, 23, 427, '215000', '2019-05-03 03:58:46'),
(2942, 23, 428, '215000', '2019-05-03 03:58:46'),
(2943, 23, 429, '215000', '2019-05-03 03:58:46'),
(2944, 23, 430, '215000', '2019-05-03 03:58:46'),
(2945, 23, 431, '215000', '2019-05-03 03:58:46'),
(2946, 23, 432, '215000', '2019-05-03 03:58:46'),
(2947, 23, 433, '215000', '2019-05-03 03:58:46'),
(2948, 23, 434, '215000', '2019-05-03 03:58:46'),
(2949, 23, 435, '215000', '2019-05-03 03:58:46'),
(2950, 23, 436, '215000', '2019-05-03 03:58:46'),
(2951, 23, 437, '215000', '2019-05-03 03:58:46'),
(2952, 23, 438, '215000', '2019-05-03 03:58:46'),
(2953, 23, 439, '215000', '2019-05-03 03:58:47'),
(2954, 23, 440, '215000', '2019-05-03 03:58:47'),
(2955, 23, 441, '215000', '2019-05-03 03:58:47'),
(2956, 23, 442, '215000', '2019-05-03 03:58:47'),
(2957, 23, 443, '215000', '2019-05-03 03:58:47'),
(2958, 23, 444, '215000', '2019-05-03 03:58:47'),
(2959, 23, 445, '215000', '2019-05-03 03:58:47'),
(2960, 23, 446, '215000', '2019-05-03 03:58:47'),
(2961, 23, 447, '215000', '2019-05-03 03:58:47'),
(2962, 23, 448, '215000', '2019-05-03 03:58:47'),
(2963, 23, 449, '215000', '2019-05-03 03:58:48'),
(2964, 23, 450, '215000', '2019-05-03 03:58:48'),
(2965, 23, 451, '215000', '2019-05-03 03:58:48'),
(2966, 23, 452, '215000', '2019-05-03 03:58:48'),
(2967, 23, 453, '215000', '2019-05-03 03:58:48'),
(2968, 23, 454, '215000', '2019-05-03 03:58:48'),
(2969, 23, 455, '215000', '2019-05-03 03:58:49'),
(2970, 23, 456, '215000', '2019-05-03 03:58:49'),
(2971, 23, 457, '215000', '2019-05-03 03:58:49'),
(2972, 23, 458, '215000', '2019-05-03 03:58:49'),
(2973, 23, 459, '215000', '2019-05-03 03:58:49'),
(2974, 23, 460, '215000', '2019-05-03 03:58:49'),
(2975, 23, 461, '215000', '2019-05-03 03:58:49'),
(2976, 23, 462, '215000', '2019-05-03 03:58:49'),
(2977, 23, 463, '215000', '2019-05-03 03:58:49'),
(2978, 23, 464, '215000', '2019-05-03 03:58:50'),
(2979, 23, 465, '215000', '2019-05-03 03:58:50'),
(2980, 23, 466, '215000', '2019-05-03 03:58:50'),
(2981, 23, 467, '215000', '2019-05-03 03:58:50'),
(2982, 23, 468, '215000', '2019-05-03 03:58:50'),
(2983, 23, 469, '215000', '2019-05-03 03:58:50'),
(2984, 23, 470, '215000', '2019-05-03 03:58:50'),
(2985, 23, 471, '215000', '2019-05-03 03:58:50'),
(2986, 23, 472, '215000', '2019-05-03 03:58:50'),
(2987, 23, 473, '215000', '2019-05-03 03:58:50'),
(2988, 23, 474, '215000', '2019-05-03 03:58:51'),
(2989, 23, 475, '215000', '2019-05-03 03:58:51'),
(2990, 23, 476, '215000', '2019-05-03 03:58:51'),
(2991, 23, 477, '215000', '2019-05-03 03:58:51'),
(2992, 23, 478, '215000', '2019-05-03 03:58:51'),
(2993, 23, 479, '215000', '2019-05-03 03:58:51'),
(2994, 23, 480, '215000', '2019-05-03 03:58:52'),
(2995, 23, 481, '215000', '2019-05-03 03:58:52'),
(2996, 23, 482, '215000', '2019-05-03 03:58:52'),
(2997, 23, 483, '215000', '2019-05-03 03:58:52'),
(2998, 23, 484, '215000', '2019-05-03 03:58:52'),
(2999, 23, 485, '215000', '2019-05-03 03:58:52'),
(3000, 23, 486, '215000', '2019-05-03 03:58:52'),
(3001, 23, 487, '215000', '2019-05-03 03:58:53'),
(3002, 23, 488, '215000', '2019-05-03 03:58:53'),
(3003, 23, 489, '215000', '2019-05-03 03:58:53'),
(3004, 23, 490, '215000', '2019-05-03 03:58:53'),
(3005, 23, 491, '215000', '2019-05-03 03:58:53'),
(3006, 23, 492, '215000', '2019-05-03 03:58:53'),
(3007, 23, 493, '215000', '2019-05-03 03:58:53'),
(3008, 23, 494, '215000', '2019-05-03 03:58:53'),
(3009, 23, 495, '215000', '2019-05-03 03:58:53'),
(3010, 23, 496, '215000', '2019-05-03 03:58:54'),
(3011, 23, 497, '215000', '2019-05-03 03:58:54'),
(3012, 23, 498, '215000', '2019-05-03 03:58:54'),
(3013, 23, 499, '215000', '2019-05-03 03:58:54');

-- --------------------------------------------------------

--
-- Struktur dari tabel `history_stock_barang`
--

CREATE TABLE `history_stock_barang` (
  `hsb_id` int(11) NOT NULL,
  `pemesanan_id` int(11) NOT NULL,
  `barang_id` int(11) NOT NULL,
  `stock_berkurang` int(50) NOT NULL,
  `lvl` int(11) NOT NULL,
  `hsb_tanggal` timestamp NULL DEFAULT CURRENT_TIMESTAMP
) ENGINE=InnoDB DEFAULT CHARSET=latin1;

--
-- Dumping data untuk tabel `history_stock_barang`
--

INSERT INTO `history_stock_barang` (`hsb_id`, `pemesanan_id`, `barang_id`, `stock_berkurang`, `lvl`, `hsb_tanggal`) VALUES
(1, 1, 41, 5, 2, '2019-05-03 00:39:36'),
(2, 1, 31, 5, 2, '2019-05-03 00:39:36'),
(4, 2, 23, 5, 2, '2019-05-03 01:43:01'),
(5, 1, 36, 5, 2, '2019-05-05 08:44:35'),
(6, 2, 26, 6, 2, '2019-05-05 08:44:54'),
(7, 3, 44, 7, 1, '2019-05-06 08:08:29'),
(8, 3, 50, 8, 1, '2019-05-06 08:08:29'),
(9, 3, 42, 7, 1, '2019-05-10 04:01:54'),
(10, 4, 23, 5, 2, '2019-05-12 14:51:47'),
(11, 5, 37, 5, 2, '2019-05-12 15:00:00'),
(12, 6, 25, 3, 2, '2019-05-14 08:11:40');

-- --------------------------------------------------------

--
-- Struktur dari tabel `kurir`
--

CREATE TABLE `kurir` (
  `kurir_id` int(11) NOT NULL,
  `kurir_nama` varchar(50) DEFAULT NULL,
  `kurir_tanggal` timestamp NULL DEFAULT CURRENT_TIMESTAMP
) ENGINE=InnoDB DEFAULT CHARSET=latin1;

--
-- Dumping data untuk tabel `kurir`
--

INSERT INTO `kurir` (`kurir_id`, `kurir_nama`, `kurir_tanggal`) VALUES
(1, 'JNE', '2019-04-19 15:50:14'),
(2, 'J & T', '2019-04-19 15:50:23'),
(4, 'Grab', '2019-04-19 15:50:40'),
(5, 'Gojek', '2019-05-01 09:05:31');

-- --------------------------------------------------------

--
-- Struktur dari tabel `list_barang`
--

CREATE TABLE `list_barang` (
  `lb_id` int(11) NOT NULL,
  `pemesanan_id` int(11) NOT NULL,
  `lb_qty` int(20) NOT NULL,
  `barang_id` int(11) DEFAULT NULL,
  `lb_lvl` int(11) NOT NULL,
  `lb_tanggal` timestamp NULL DEFAULT CURRENT_TIMESTAMP
) ENGINE=InnoDB DEFAULT CHARSET=latin1;

--
-- Dumping data untuk tabel `list_barang`
--

INSERT INTO `list_barang` (`lb_id`, `pemesanan_id`, `lb_qty`, `barang_id`, `lb_lvl`, `lb_tanggal`) VALUES
(1, 1, 5, 36, 2, '2019-05-05 08:44:35'),
(2, 2, 6, 26, 2, '2019-05-05 08:44:54'),
(3, 3, 7, 44, 1, '2019-05-06 08:08:29'),
(4, 3, 8, 50, 1, '2019-05-06 08:08:29'),
(5, 3, 7, 42, 1, '2019-05-10 04:01:54'),
(6, 4, 5, 23, 2, '2019-05-12 14:51:47'),
(7, 5, 5, 37, 2, '2019-05-12 15:00:00'),
(8, 6, 3, 25, 2, '2019-05-14 08:11:40');

-- --------------------------------------------------------

--
-- Struktur dari tabel `metode_pembayaran`
--

CREATE TABLE `metode_pembayaran` (
  `mp_id` int(11) NOT NULL,
  `mp_nama` varchar(50) DEFAULT NULL,
  `mp_tanggal` timestamp NOT NULL DEFAULT CURRENT_TIMESTAMP
) ENGINE=InnoDB DEFAULT CHARSET=latin1;

--
-- Dumping data untuk tabel `metode_pembayaran`
--

INSERT INTO `metode_pembayaran` (`mp_id`, `mp_nama`, `mp_tanggal`) VALUES
(1, 'Cash', '2019-05-12 14:10:06'),
(2, 'BNI', '2019-05-12 14:11:41'),
(3, 'BRI', '2019-05-12 14:11:48');

-- --------------------------------------------------------

--
-- Struktur dari tabel `pemesanan`
--

CREATE TABLE `pemesanan` (
  `pemesanan_id` int(11) NOT NULL,
  `pemesanan_nama` varchar(50) DEFAULT NULL,
  `pemesanan_tanggal` date NOT NULL,
  `pemesanan_hp` varchar(25) DEFAULT NULL,
  `pemesanan_alamat` text,
  `level` int(11) NOT NULL,
  `kurir_id` int(11) DEFAULT NULL,
  `at_id` int(11) DEFAULT NULL,
  `mp_id` int(11) NOT NULL
) ENGINE=InnoDB DEFAULT CHARSET=latin1;

--
-- Dumping data untuk tabel `pemesanan`
--

INSERT INTO `pemesanan` (`pemesanan_id`, `pemesanan_nama`, `pemesanan_tanggal`, `pemesanan_hp`, `pemesanan_alamat`, `level`, `kurir_id`, `at_id`, `mp_id`) VALUES
(1, 'Lesmana', '2019-05-05', '0881231', 'Jl.sultan agung palembang', 2, 2, 3, 0),
(2, 'Lesmanas', '2019-05-05', '313123', 'Jl.sultan agung palembang', 2, 1, 3, 0),
(3, 'dasdada', '2019-05-08', '1231231', 'Jl.sultan agung palembangd', 1, 1, 3, 0),
(4, 'ggg', '0000-00-00', '2019-05-10', '211421', 2, 0, 1, 3),
(5, 'titin ', '2019-05-13', '2313', 'Jl.sultan agung palembang', 2, 1, 5, 1),
(6, 'Joni', '2019-05-14', '081228289', 'Bumi', 2, 1, 7, 2);

-- --------------------------------------------------------

--
-- Struktur dari tabel `user`
--

CREATE TABLE `user` (
  `user_id` int(11) NOT NULL,
  `user_nama` varchar(50) DEFAULT NULL,
  `user_hp` varchar(20) DEFAULT NULL,
  `user_alamat` text,
  `user_foto` varchar(50) DEFAULT NULL,
  `user_level` int(2) NOT NULL,
  `username` varchar(50) DEFAULT NULL,
  `password` varchar(50) DEFAULT NULL
) ENGINE=InnoDB DEFAULT CHARSET=latin1;

--
-- Dumping data untuk tabel `user`
--

INSERT INTO `user` (`user_id`, `user_nama`, `user_hp`, `user_alamat`, `user_foto`, `user_level`, `username`, `password`) VALUES
(1, 'Owner', '081255555555', 'Jl.Tnabun', 'a.jpg', 1, 'owner', '123456'),
(2, 'Admin', '08666666666', 'Jl.Kucung', 'a.jpg', 2, 'admin', '123456');

--
-- Indexes for dumped tables
--

--
-- Indeks untuk tabel `asal_transaksi`
--
ALTER TABLE `asal_transaksi`
  ADD PRIMARY KEY (`at_id`);

--
-- Indeks untuk tabel `barang`
--
ALTER TABLE `barang`
  ADD PRIMARY KEY (`barang_id`);

--
-- Indeks untuk tabel `barang_non_reseller`
--
ALTER TABLE `barang_non_reseller`
  ADD PRIMARY KEY (`bnr_id`);

--
-- Indeks untuk tabel `barang_reseller`
--
ALTER TABLE `barang_reseller`
  ADD PRIMARY KEY (`br_id`);

--
-- Indeks untuk tabel `history_stock_barang`
--
ALTER TABLE `history_stock_barang`
  ADD PRIMARY KEY (`hsb_id`);

--
-- Indeks untuk tabel `kurir`
--
ALTER TABLE `kurir`
  ADD PRIMARY KEY (`kurir_id`);

--
-- Indeks untuk tabel `list_barang`
--
ALTER TABLE `list_barang`
  ADD PRIMARY KEY (`lb_id`);

--
-- Indeks untuk tabel `metode_pembayaran`
--
ALTER TABLE `metode_pembayaran`
  ADD PRIMARY KEY (`mp_id`);

--
-- Indeks untuk tabel `pemesanan`
--
ALTER TABLE `pemesanan`
  ADD PRIMARY KEY (`pemesanan_id`);

--
-- Indeks untuk tabel `user`
--
ALTER TABLE `user`
  ADD PRIMARY KEY (`user_id`);

--
-- AUTO_INCREMENT untuk tabel yang dibuang
--

--
-- AUTO_INCREMENT untuk tabel `asal_transaksi`
--
ALTER TABLE `asal_transaksi`
  MODIFY `at_id` int(11) NOT NULL AUTO_INCREMENT, AUTO_INCREMENT=8;

--
-- AUTO_INCREMENT untuk tabel `barang`
--
ALTER TABLE `barang`
  MODIFY `barang_id` int(11) NOT NULL AUTO_INCREMENT, AUTO_INCREMENT=68;

--
-- AUTO_INCREMENT untuk tabel `barang_non_reseller`
--
ALTER TABLE `barang_non_reseller`
  MODIFY `bnr_id` int(11) NOT NULL AUTO_INCREMENT, AUTO_INCREMENT=55;

--
-- AUTO_INCREMENT untuk tabel `barang_reseller`
--
ALTER TABLE `barang_reseller`
  MODIFY `br_id` int(11) NOT NULL AUTO_INCREMENT, AUTO_INCREMENT=3014;

--
-- AUTO_INCREMENT untuk tabel `history_stock_barang`
--
ALTER TABLE `history_stock_barang`
  MODIFY `hsb_id` int(11) NOT NULL AUTO_INCREMENT, AUTO_INCREMENT=13;

--
-- AUTO_INCREMENT untuk tabel `kurir`
--
ALTER TABLE `kurir`
  MODIFY `kurir_id` int(11) NOT NULL AUTO_INCREMENT, AUTO_INCREMENT=6;

--
-- AUTO_INCREMENT untuk tabel `list_barang`
--
ALTER TABLE `list_barang`
  MODIFY `lb_id` int(11) NOT NULL AUTO_INCREMENT, AUTO_INCREMENT=9;

--
-- AUTO_INCREMENT untuk tabel `metode_pembayaran`
--
ALTER TABLE `metode_pembayaran`
  MODIFY `mp_id` int(11) NOT NULL AUTO_INCREMENT, AUTO_INCREMENT=4;

--
-- AUTO_INCREMENT untuk tabel `pemesanan`
--
ALTER TABLE `pemesanan`
  MODIFY `pemesanan_id` int(11) NOT NULL AUTO_INCREMENT, AUTO_INCREMENT=7;

--
-- AUTO_INCREMENT untuk tabel `user`
--
ALTER TABLE `user`
  MODIFY `user_id` int(11) NOT NULL AUTO_INCREMENT, AUTO_INCREMENT=3;
COMMIT;

/*!40101 SET CHARACTER_SET_CLIENT=@OLD_CHARACTER_SET_CLIENT */;
/*!40101 SET CHARACTER_SET_RESULTS=@OLD_CHARACTER_SET_RESULTS */;
/*!40101 SET COLLATION_CONNECTION=@OLD_COLLATION_CONNECTION */;
