-- phpMyAdmin SQL Dump
-- version 5.0.2
-- https://www.phpmyadmin.net/
--
-- Host: 127.0.0.1
-- Generation Time: Jun 01, 2020 at 03:53 PM
-- Server version: 10.4.11-MariaDB
-- PHP Version: 7.4.6

SET SQL_MODE = "NO_AUTO_VALUE_ON_ZERO";
START TRANSACTION;
SET time_zone = "+00:00";


/*!40101 SET @OLD_CHARACTER_SET_CLIENT=@@CHARACTER_SET_CLIENT */;
/*!40101 SET @OLD_CHARACTER_SET_RESULTS=@@CHARACTER_SET_RESULTS */;
/*!40101 SET @OLD_COLLATION_CONNECTION=@@COLLATION_CONNECTION */;
/*!40101 SET NAMES utf8mb4 */;

--
-- Database: `hijab`
--

-- --------------------------------------------------------

--
-- Table structure for table `asal_transaksi`
--

CREATE TABLE `asal_transaksi` (
  `at_id` int(11) NOT NULL,
  `at_nama` varchar(50) DEFAULT NULL,
  `at_tanggal` timestamp NULL DEFAULT current_timestamp()
) ENGINE=InnoDB DEFAULT CHARSET=latin1;

--
-- Dumping data for table `asal_transaksi`
--

INSERT INTO `asal_transaksi` (`at_id`, `at_nama`, `at_tanggal`) VALUES
(3, 'WhatsApp', '2019-05-01 08:59:03'),
(4, 'Line', '2019-05-01 08:59:20'),
(5, 'Shopee', '2019-05-01 08:59:35'),
(6, 'COD', '2019-05-01 08:59:43'),
(7, 'Bukalapak', '2019-05-01 09:48:00');

-- --------------------------------------------------------

--
-- Table structure for table `barang`
--

CREATE TABLE `barang` (
  `barang_id` int(11) NOT NULL,
  `barang_nama` varchar(50) DEFAULT NULL,
  `id_kategori_barang` int(11) NOT NULL,
  `id_jenis_barang` int(11) NOT NULL DEFAULT 1,
  `barang_stok` int(11) NOT NULL
) ENGINE=InnoDB DEFAULT CHARSET=latin1;

--
-- Dumping data for table `barang`
--

INSERT INTO `barang` (`barang_id`, `barang_nama`, `id_kategori_barang`, `id_jenis_barang`, `barang_stok`) VALUES
(83, 'Square Baby Pink S', 39, 2, 100),
(84, 'Square Baby Tosca S', 39, 2, 100),
(85, 'Square Biru Tosca Muda S', 39, 2, 100),
(86, 'Square Biru Tosca Tua S', 39, 2, 100),
(87, 'Square Black S', 39, 2, 100),
(88, 'Square Caramel S', 39, 2, 100),
(89, 'Square Dark Choco S', 39, 2, 100),
(90, 'Square Dusty Pink S', 39, 2, 100),
(91, 'Square Fanta S', 39, 2, 100),
(92, 'Square Frappe S', 39, 2, 100),
(93, 'Square Green Tea S', 39, 2, 100),
(94, 'Square Grey S', 39, 2, 100),
(95, 'Square Hijau Botol S', 39, 2, 100),
(96, 'Square Hijau Tosca Tua S', 39, 2, 100),
(97, 'Square Khaki S', 39, 2, 100),
(98, 'Square Kunyit S', 39, 2, 100),
(99, 'Square Lavender S', 39, 2, 100),
(100, 'Square Maroon S', 39, 2, 100),
(101, 'Square Mint S', 39, 2, 100),
(102, 'Square Mocca S', 39, 2, 100),
(103, 'Mocca Muda S', 39, 2, 100),
(104, 'Square Navy S', 39, 2, 100),
(105, 'Square Olive S', 39, 2, 100),
(106, 'Square Purple S', 39, 2, 100),
(107, 'Square Salmon S', 39, 2, 100),
(108, 'Square Silver S', 39, 2, 100),
(109, 'Square Sky Blue S', 39, 2, 100),
(110, 'Square White S', 39, 2, 100),
(111, 'Square JET BLACK S', 40, 2, 100),
(112, 'Square Baby Pink M', 41, 2, 100),
(113, 'Square Baby Tosca M', 41, 2, 100),
(114, 'Square Biru Tosca Muda M', 41, 2, 100),
(115, 'Square Biru Tosca Tua M', 41, 2, 100),
(116, 'Square Black M', 41, 2, 100),
(117, 'Square Caramel M', 41, 2, 100),
(118, 'Square Dark Choco M', 41, 2, 100),
(119, 'Square Dusty Pink M', 41, 2, 100),
(120, 'Square Fanta M', 41, 2, 100),
(121, 'Square Frappe M', 41, 2, 100),
(122, 'Square Green Tea M', 41, 2, 100),
(123, 'Square Grey M', 41, 2, 100),
(124, 'Square Hijau Botol M', 41, 2, 100),
(125, 'Square Hijau Tosca Tua M', 41, 2, 100),
(126, 'Square Khaki M', 41, 2, 100),
(127, 'Square Kunyit M', 41, 2, 100),
(128, 'Square Lavender M', 41, 2, 100),
(129, 'Square Maroon M', 41, 2, 100),
(130, 'Square Mint M', 41, 2, 100),
(131, 'Square Mocca M', 41, 2, 100),
(132, 'Mocca Muda M', 41, 2, 100),
(133, 'Square Navy M', 41, 2, 100),
(134, 'Square Olive M', 41, 2, 100),
(135, 'Square Purple M', 41, 2, 100),
(136, 'Square Salmon M', 41, 2, 100),
(137, 'Square Silver M', 41, 2, 100),
(138, 'Square Sky Blue M', 41, 2, 100),
(139, 'Square White M', 41, 2, 100),
(140, 'Square JET BLACK M', 42, 2, 100),
(141, 'Square Baby Pink L', 43, 2, 100),
(142, 'Square Baby Tosca L', 43, 2, 100),
(143, 'Square Biru Tosca Muda L', 43, 2, 100),
(144, 'Square Biru Tosca Tua L', 43, 2, 100),
(145, 'Square Black L', 43, 2, 100),
(146, 'Square Caramel L', 43, 2, 100),
(147, 'Square Dark Choco L', 43, 2, 100),
(148, 'Square Dusty Pink L', 43, 2, 100),
(149, 'Square Fanta L', 43, 2, 100),
(150, 'Square Frappe L', 43, 2, 100),
(151, 'Square Green Tea L', 43, 2, 100),
(152, 'Square Grey L', 43, 2, 100),
(153, 'Square Hijau Botol L', 43, 2, 100),
(154, 'Square Hijau Tosca Tua L', 43, 2, 100),
(155, 'Square Khaki L', 43, 2, 100),
(156, 'Square Kunyit L', 43, 2, 100),
(157, 'Square Lavender L', 43, 2, 100),
(158, 'Square Maroon L', 43, 2, 100),
(159, 'Square Mint L', 43, 2, 100),
(160, 'Square Mocca L', 43, 2, 100),
(161, 'Mocca Muda L', 43, 2, 100),
(162, 'Square Navy L', 43, 2, 100),
(163, 'Square Olive L', 43, 2, 100),
(164, 'Square Purple L', 43, 2, 100),
(165, 'Square Salmon L', 43, 2, 100),
(166, 'Square Silver L', 43, 2, 100),
(167, 'Square Sky Blue L', 43, 2, 100),
(168, 'Square White L', 43, 2, 100),
(169, 'Square JET BLACK L', 44, 2, 100),
(170, 'Ayra Baby Pink S', 45, 2, 100),
(171, 'Ayra Baby Tosca S', 45, 2, 100),
(172, 'Ayra Biru Tosca Muda S', 45, 2, 100),
(173, 'Ayra Biru Tosca Tua S', 45, 2, 100),
(174, 'Ayra Black S', 45, 2, 100),
(175, 'Ayra Caramel S', 45, 2, 100),
(176, 'Ayra Dark Choco S', 45, 2, 100),
(177, 'Ayra Dusty Pink S', 45, 2, 100),
(178, 'Ayra Fanta S', 45, 2, 100),
(179, 'Ayra Frappe S', 45, 2, 100),
(180, 'Ayra Green Tea S', 45, 2, 100),
(181, 'Ayra Grey S', 45, 2, 100),
(182, 'Ayra Hijau Botol S', 45, 2, 100),
(183, 'Ayra Hijau Tosca Tua S', 45, 2, 100),
(184, 'Ayra Khaki S', 45, 2, 100),
(185, 'Ayra Kunyit S', 45, 2, 100),
(186, 'Ayra Lavender S', 45, 2, 100),
(187, 'Ayra Maroon S', 45, 2, 100),
(188, 'Ayra Mint S', 45, 2, 100),
(189, 'Ayra Mocca S', 45, 2, 100),
(190, 'Ayra Mocca Muda S', 45, 2, 100),
(191, 'Ayra Navy S', 45, 2, 100),
(192, 'Ayra Olive S', 45, 2, 100),
(193, 'Ayra Purple S', 45, 2, 100),
(194, 'Ayra Salmon S', 45, 2, 100),
(195, 'Ayra Silver S', 45, 2, 100),
(196, 'Ayra Sky Blue S', 45, 2, 100),
(197, 'Ayra White S', 45, 2, 100),
(198, ' Ayra JET BLACK S', 116, 2, 100),
(199, 'Ayra Baby Pink M', 47, 2, 100),
(200, 'Ayra Baby Tosca M', 47, 2, 100),
(201, 'Ayra Biru Tosca Muda M', 47, 2, 100),
(202, 'Ayra Biru Tosca Tua M', 47, 2, 100),
(203, 'Ayra Black M ', 47, 2, 100),
(204, 'Ayra Caramel M', 47, 2, 100),
(205, 'Ayra Dark Choco M', 47, 2, 100),
(206, 'Ayra Dusty Pink M', 47, 2, 100),
(207, 'Ayra Fanta M', 47, 2, 100),
(208, 'Ayra Frappe M', 47, 2, 100),
(209, 'Ayra Green Tea M', 47, 2, 100),
(210, 'Ayra Grey M', 47, 2, 100),
(211, 'Ayra Hijau Botol M', 47, 2, 100),
(212, 'Ayra Hijau Tosca Tua M', 47, 2, 100),
(213, 'Ayra Khaki M', 47, 2, 100),
(214, 'Ayra Kunyit M', 47, 2, 100),
(215, 'Ayra Lavender M', 47, 2, 100),
(216, 'Ayra Maroon M', 47, 2, 100),
(217, 'Ayra Mint M', 47, 2, 100),
(218, 'Ayra Mocca M', 47, 2, 100),
(219, 'Ayra Mocca Muda M', 47, 2, 100),
(220, 'Ayra Navy M', 47, 2, 100),
(221, 'Ayra Olive M', 47, 2, 100),
(222, 'Ayra Purple M', 47, 2, 100),
(223, 'Ayra Salmon M', 47, 2, 100),
(224, 'Ayra Silver M', 47, 2, 100),
(225, 'Ayra Sky Blue M', 47, 2, 100),
(226, 'Ayra White M', 47, 2, 100),
(227, 'Ayra JET BLACK M', 48, 2, 100),
(228, 'Ayra Baby Pink L', 49, 2, 100),
(229, 'Ayra Baby Tosca L', 49, 2, 100),
(230, 'Ayra Biru Tosca Muda L', 49, 2, 100),
(231, 'Ayra Biru Tosca Tua L', 49, 2, 100),
(232, 'Ayra Black L', 49, 2, 100),
(233, 'Ayra Caramel L', 49, 2, 100),
(234, 'Ayra Dark Choco L', 49, 2, 100),
(235, 'Ayra Dusty Pink L', 49, 2, 100),
(236, 'Ayra Fanta L', 49, 2, 100),
(237, 'Ayra Frappe L', 49, 2, 100),
(238, 'Ayra Green Tea L', 49, 2, 100),
(239, 'Ayra Grey L', 49, 2, 100),
(240, 'Ayra Hijau Botol L', 49, 2, 100),
(241, 'Ayra Hijau Tosca Tua L', 49, 2, 100),
(242, 'Ayra Khaki L', 49, 2, 100),
(243, 'Ayra Kunyit L', 49, 2, 100),
(244, 'Ayra Lavender L', 49, 2, 100),
(245, 'Ayra Maroon L', 49, 2, 100),
(246, 'Ayra Mint L', 49, 2, 100),
(247, 'Ayra Mocca L', 49, 2, 100),
(248, 'Ayra Mocca Muda L', 49, 2, 100),
(249, 'Ayra Navy  L', 49, 2, 100),
(250, 'Ayra Olive L', 49, 2, 100),
(251, 'Ayra Purple L', 49, 2, 100),
(252, 'Ayra Salmon L', 49, 2, 100),
(253, 'Ayra Silver L', 49, 2, 100),
(254, 'Ayra Sky Blue L', 49, 2, 100),
(255, 'Ayra White L', 49, 2, 100),
(256, 'Ayra JET BLACK L', 50, 2, 100),
(257, 'Ayra Baby Pink XL', 51, 2, 100),
(258, 'Ayra Baby Tosca XL', 51, 2, 100),
(259, 'Ayra Biru Tosca Muda XL', 51, 2, 100),
(260, 'Ayra Biru Tosca Tua XL', 51, 2, 100),
(261, 'Ayra Black XL', 51, 2, 100),
(262, 'Ayra Caramel XL', 51, 2, 100),
(263, 'Ayra Dark Choco XL', 51, 2, 100),
(264, 'Ayra Dusty Pink XL', 51, 2, 100),
(265, 'Ayra Fanta XL', 51, 2, 100),
(266, 'Ayra Frappe XL', 51, 2, 100),
(267, 'Ayra Green Tea XL', 51, 2, 100),
(268, 'Ayra Grey XL', 51, 2, 100),
(269, 'Ayra Hijau Botol XL', 51, 2, 100),
(270, 'Ayra Hijau Tosca Tua XL', 51, 2, 100),
(271, 'Ayra Khaki XL', 51, 2, 100),
(272, 'Ayra Kunyit XL', 51, 2, 100),
(273, 'Ayra Lavender XL', 51, 2, 100),
(274, 'Ayra Maroon XL', 51, 2, 100),
(275, 'Ayra Mint XL', 51, 2, 100),
(276, 'Ayra Mocca XL', 51, 2, 100),
(277, 'Ayra Mocca Muda XL', 51, 2, 100),
(278, 'Ayra Navy XL', 51, 2, 100),
(279, 'Ayra Olive XL', 51, 2, 100),
(280, 'Ayra Purple XL', 51, 2, 100),
(281, 'Ayra Salmon XL', 51, 2, 100),
(282, 'Ayra Silver XL', 51, 2, 100),
(283, 'Ayra Sky Blue XL', 51, 2, 100),
(284, 'Ayra White XL', 51, 2, 100),
(285, 'Ayra JET BLACK XL', 52, 2, 100),
(286, 'Nadira Baby Pink S', 53, 2, 100),
(287, 'Nadira Baby Tosca S', 53, 2, 100),
(288, 'Nadira Biru Tosca Muda S', 53, 2, 100),
(289, 'Nadira Biru Tosca Tua S', 53, 2, 100),
(290, 'Nadira BlackS S', 53, 2, 100),
(291, 'Nadira Caramel S', 53, 2, 100),
(292, 'Nadira Dark Choco S', 53, 2, 100),
(293, 'Nadira Dusty Pink S', 53, 2, 100),
(294, 'Nadira Fanta S', 53, 2, 100),
(295, 'Nadira Frappe S', 53, 2, 100),
(296, 'Nadira Green Tea S', 53, 2, 100),
(297, 'Nadira Grey S', 53, 2, 100),
(298, 'Nadira Hijau Botol S', 53, 2, 100),
(299, 'Nadira Hijau Tosca Tua S', 53, 2, 100),
(300, 'Nadira Khaki S', 53, 2, 100),
(301, 'Nadira Kunyit S', 53, 2, 100),
(302, 'Nadira Lavender S', 53, 2, 100),
(303, 'Nadira Maroon S', 53, 2, 100),
(304, 'Nadira Mint S', 53, 2, 100),
(305, 'Nadira Mocca S', 53, 2, 100),
(306, 'Nadira Mocca Muda S', 53, 2, 100),
(307, 'Nadira Navy S', 53, 2, 100),
(308, 'Nadira Olive S', 53, 2, 100),
(309, 'Nadira Purple S', 53, 2, 100),
(310, 'Nadira Salmon S', 53, 2, 100),
(311, 'Nadira Silver S', 53, 2, 100),
(312, 'Nadira Sky Blue S', 53, 2, 100),
(313, 'Nadira White S', 53, 2, 100),
(314, 'Nadira JET BLACK S', 54, 2, 100),
(315, 'Nadira Baby Pink M', 55, 2, 100),
(316, 'Nadira Baby Tosca M', 55, 2, 100),
(317, 'Nadira Biru Tosca Muda M', 55, 2, 100),
(318, 'Nadira Biru Tosca Tua M', 55, 2, 100),
(319, 'Nadira Black M', 55, 2, 100),
(320, 'Nadira Caramel M', 55, 2, 100),
(321, 'Nadira Dark Choco M', 55, 2, 100),
(322, 'Nadira Dusty Pink M', 55, 2, 100),
(323, 'Nadira Fanta M', 55, 2, 100),
(324, 'Nadira Frappe M', 55, 2, 100),
(325, 'Nadira Green Tea M', 55, 2, 100),
(326, 'Nadira Grey M', 55, 2, 100),
(327, 'Nadira Hijau Botol M', 55, 2, 100),
(328, 'Nadira Hijau Tosca Tua M', 55, 2, 100),
(329, 'Nadira Khaki M', 55, 2, 100),
(330, 'Nadira Kunyit M', 55, 2, 100),
(331, 'Nadira Lavender M', 55, 2, 100),
(332, 'Nadira Maroon M', 55, 2, 100),
(333, 'Nadira Mint M', 55, 2, 100),
(334, 'Nadira Mocca M', 55, 2, 100),
(335, 'Nadira Mocca Muda M', 55, 2, 100),
(336, 'Nadira Navy M', 55, 2, 100),
(337, 'Nadira Olive M', 55, 2, 100),
(338, 'Nadira Purple M', 55, 2, 100),
(339, 'Nadira Salmon M', 55, 2, 100),
(340, 'Nadira Silver M', 55, 2, 100),
(341, 'Nadira Sky Blue M', 55, 2, 100),
(342, 'Nadira White M', 55, 2, 100),
(343, 'Nadira JET BLACK M', 56, 2, 100),
(344, 'Nadira Baby Pink L', 57, 2, 100),
(345, 'Nadira Baby Tosca L', 57, 2, 100),
(346, 'Nadira Biru Tosca Muda L', 57, 2, 100),
(347, 'Nadira Biru Tosca Tua L', 57, 2, 100),
(348, 'Nadira Black L', 57, 2, 100),
(349, 'Nadira Caramel L', 57, 2, 100),
(350, 'Nadira Dark Choco L', 57, 2, 100),
(351, 'Nadira Dusty Pink L', 57, 2, 100),
(352, 'Nadira Fanta L', 57, 2, 100),
(353, 'Nadira Frappe L', 57, 2, 100),
(354, 'Nadira Green Tea L', 57, 2, 100),
(355, 'Nadira Grey L', 57, 2, 100),
(356, 'Nadira Hijau Botol L', 57, 2, 100),
(357, 'Nadira Hijau Tosca Tua L', 57, 2, 100),
(358, 'Nadira Khaki L', 57, 2, 100),
(359, 'Nadira Kunyit L', 57, 2, 100),
(360, 'Nadira Lavender L', 57, 2, 100),
(361, 'Nadira Maroon L', 57, 2, 100),
(362, 'Nadira Mint L', 57, 2, 100),
(363, 'Nadira Mocca L', 57, 2, 100),
(364, 'Nadira Mocca Muda L', 57, 2, 100),
(365, 'Nadira Navy L', 57, 2, 100),
(366, 'Nadira Olive L', 57, 2, 100),
(367, 'Nadira Purple L', 57, 2, 100),
(368, 'Nadira Salmon L', 57, 2, 100),
(369, 'Nadira Silver L', 57, 2, 100),
(370, 'Nadira Sky Blue L', 57, 2, 100),
(371, 'Nadira White L', 57, 2, 100),
(372, 'Nadira JET BLACK L', 58, 2, 100),
(373, 'Nadira Baby Pink XL', 59, 2, 100),
(374, 'Nadira Baby Tosca XL', 59, 2, 100),
(375, 'Nadira Biru Tosca Muda XL', 59, 2, 100),
(376, 'Nadira Biru Tosca Tua XL', 59, 2, 100),
(377, 'Nadira Black XL', 59, 2, 100),
(378, 'Nadira Caramel XL', 59, 2, 100),
(379, 'Nadira Dark Choco XL', 59, 2, 100),
(380, 'Nadira Dusty Pink XL', 59, 2, 100),
(381, 'Nadira Fanta XL', 59, 2, 100),
(382, 'Nadira Frappe XL', 59, 2, 100),
(383, 'Nadira Green Tea XL', 59, 2, 100),
(384, 'Nadira Grey XL', 59, 2, 100),
(385, 'Nadira Hijau Botol XL', 59, 2, 100),
(386, 'Nadira Hijau Tosca Tua XL', 59, 2, 100),
(387, 'Nadira Khaki XL', 59, 2, 100),
(388, 'Nadira Kunyit XL', 59, 2, 100),
(389, 'Nadira Lavender XL', 59, 2, 100),
(390, 'Nadira Maroon XL', 59, 2, 100),
(391, 'Nadira Mint XL', 59, 2, 100),
(392, 'Nadira Mocca XL', 59, 2, 100),
(393, 'Nadira Mocca Muda XL', 59, 2, 100),
(394, 'Nadira Navy XL', 59, 2, 100),
(395, 'Nadira Olive XL', 59, 2, 100),
(396, 'Nadira Purple XL', 59, 2, 100),
(397, 'Nadira Salmon XL', 59, 2, 100),
(398, 'Nadira Silver XL', 59, 2, 100),
(399, 'Nadira Sky Blue XL', 59, 2, 100),
(400, 'Nadira White XL', 59, 2, 100),
(401, 'Nadira JET BLACK XL', 60, 2, 100),
(402, 'Saila Baby Pink S', 61, 2, 100),
(403, 'Saila Baby Tosca S', 61, 2, 100),
(404, 'Saila Biru Tosca Muda S', 61, 2, 100),
(405, 'Saila Biru Tosca Tua S', 61, 2, 100),
(406, 'Saila Black S', 61, 2, 100),
(407, 'Saila Caramel S', 61, 2, 100),
(408, 'Saila Dark Choco S', 61, 2, 100),
(409, 'Saila Dusty Pink S', 61, 2, 100),
(410, 'Saila Fanta S', 61, 2, 100),
(411, 'Saila Frappe S', 61, 2, 100),
(412, 'Saila Green Tea S', 61, 2, 100),
(413, 'Saila Grey S', 61, 2, 100),
(414, 'Saila Hijau Botol S', 61, 2, 100),
(415, 'Saila Hijau Tosca Tua S', 61, 2, 100),
(416, 'Saila Khaki S', 61, 2, 100),
(417, 'Saila Kunyit S', 61, 2, 100),
(418, 'Saila Lavender S', 61, 2, 100),
(419, 'Saila Maroon S', 61, 2, 100),
(420, 'Saila Mint S', 61, 2, 100),
(421, 'Saila Mocca S', 61, 2, 100),
(422, 'Saila Mocca Muda S', 61, 2, 100),
(423, 'Saila Navy S', 61, 2, 100),
(424, 'Saila Olive S', 61, 2, 100),
(425, 'Saila Purple S', 61, 2, 100),
(426, 'Saila Salmon S', 61, 2, 100),
(427, 'Saila Silver S', 61, 2, 100),
(428, 'Saila Sky Blue S', 61, 2, 100),
(429, 'Saila White S', 61, 2, 100),
(430, 'Saila JET BLACK S', 62, 2, 100),
(431, 'Saila Baby Pink M', 63, 2, 100),
(432, 'Saila Baby Tosca M', 63, 2, 100),
(433, 'Saila Biru Tosca Muda M', 63, 2, 100),
(434, 'Saila Biru Tosca Tua M', 63, 2, 100),
(435, 'Saila Black M', 63, 2, 100),
(436, 'Saila Caramel M', 63, 2, 100),
(437, 'Saila Dark Choco M', 63, 2, 100),
(438, 'Saila Dusty Pink M', 63, 2, 100),
(439, 'Saila Fanta M', 63, 2, 100),
(440, 'Saila Frappe M', 63, 2, 100),
(441, 'Saila Green Tea M', 63, 2, 100),
(442, 'Saila Grey M', 63, 2, 100),
(443, 'Saila Hijau Botol M', 63, 2, 100),
(444, 'Saila Hijau Tosca Tua M', 63, 2, 100),
(445, 'Saila Khaki M', 63, 2, 100),
(446, 'Saila Kunyit M', 63, 2, 100),
(447, 'Saila Lavender M', 63, 2, 100),
(448, 'Saila Maroon M', 63, 2, 100),
(449, 'Saila Mint M', 63, 2, 100),
(450, 'Saila Mocca M', 63, 2, 100),
(451, 'Saila Mocca Muda M', 63, 2, 100),
(452, 'Saila Navy M', 63, 2, 100),
(453, 'Saila Olive M', 63, 2, 100),
(454, 'Saila Purple M', 63, 2, 100),
(455, 'Saila Salmon M', 63, 2, 100),
(456, 'Saila Silver M', 63, 2, 100),
(457, 'Saila Sky Blue M', 63, 2, 100),
(458, 'Saila White M', 63, 2, 100),
(459, 'Saila JET BLACK M', 64, 2, 100),
(460, 'Saila Baby Pink L', 65, 2, 100),
(461, 'Saila Baby Tosca L', 65, 2, 100),
(462, 'Saila Biru Tosca Muda L', 65, 2, 100),
(463, 'Saila Biru Tosca Tua L', 65, 2, 100),
(464, 'Saila Black L', 65, 2, 100),
(465, 'Saila Caramel L', 65, 2, 100),
(466, 'Saila Dark Choco L', 65, 2, 100),
(467, 'Saila Dusty Pink L', 65, 2, 100),
(468, 'Saila Fanta L', 65, 2, 100),
(469, 'Saila Frappe L', 65, 2, 100),
(470, 'Saila Green Tea L', 65, 2, 100),
(471, 'Saila Grey L', 65, 2, 100),
(472, 'Saila Hijau Botol L', 65, 2, 100),
(473, 'Saila Hijau Tosca Tua L', 65, 2, 100),
(474, 'Saila Khaki L', 65, 2, 100),
(475, 'Saila Kunyit L', 65, 2, 100),
(476, 'Saila Lavender L', 65, 2, 100),
(477, 'Saila Maroon L', 65, 2, 100),
(478, 'Saila Mint L', 65, 2, 100),
(479, 'Saila Mocca L', 65, 2, 100),
(480, 'Saila Mocca Muda L', 65, 2, 100),
(481, 'Saila Navy L', 65, 2, 100),
(482, 'Saila Olive L', 65, 2, 100),
(483, 'Saila Purple L', 65, 2, 100),
(484, 'Saila Salmon L', 65, 2, 100),
(485, 'Saila Silver L', 65, 2, 100),
(486, 'Saila Sky Blue L', 65, 2, 100),
(487, 'Saila White L', 65, 2, 100),
(488, 'Saila JET BLACK L', 66, 2, 100),
(489, 'Saila NB Baby Pink S', 67, 2, 100),
(490, 'Saila NB  Baby Tosca  S', 67, 2, 100),
(491, 'Saila NB  Biru Tosca Muda S', 67, 2, 100),
(492, 'Saila NB  Biru Tosca Tua S', 67, 2, 100),
(493, 'Saila NB  Black S', 67, 2, 100),
(494, 'Saila NB  Caramel S', 67, 2, 100),
(495, 'Saila NB  Dark Choco S', 67, 2, 100),
(496, 'Saila NB  Dusty Pink S', 67, 2, 100),
(497, 'Saila NB  Fanta S', 67, 2, 100),
(498, 'Saila NB  Frappe S', 67, 2, 100),
(499, 'Saila NB  Green Tea S', 67, 2, 100),
(500, 'Saila NB  Grey S', 67, 2, 100),
(501, 'Saila NB  Hijau Botol S', 67, 2, 100),
(502, 'Saila NB  Hijau Tosca Tua S', 67, 2, 100),
(503, 'Saila NB  Khaki S', 67, 2, 100),
(504, 'Saila NB  Kunyit S', 67, 2, 100),
(505, 'Saila NB  Lavender S', 67, 2, 100),
(506, 'Saila NB  Maroon S', 67, 2, 100),
(507, 'Saila NB  Mint S', 67, 2, 100),
(508, 'Saila NB  Mocca S', 67, 2, 100),
(509, 'Saila NB  Mocca Muda S', 67, 2, 100),
(510, 'Saila NB  Navy S', 67, 2, 100),
(511, 'Saila NB  Olive S', 67, 2, 100),
(512, 'Saila NB  Purple S', 67, 2, 100),
(513, 'Saila NB  Salmon S', 67, 2, 100),
(514, 'Saila NB  Silver S', 67, 2, 100),
(515, 'Saila NB  Sky Blue S', 67, 2, 100),
(516, 'Saila NB  White S', 67, 2, 100),
(517, 'Saila NB  JET BLACK S', 68, 2, 100),
(518, 'Saila NB Baby Pink M', 69, 2, 100),
(519, 'Saila NB  Baby Tosca M', 69, 2, 100),
(520, 'Saila NB  Biru Tosca Muda M', 69, 2, 100),
(521, 'Saila NB  Biru Tosca Tua M', 69, 2, 100),
(522, 'Saila NB  Black M', 69, 2, 100),
(523, 'Saila NB  Caramel M', 69, 2, 100),
(524, 'Saila NB  Dark Choco M', 69, 2, 100),
(525, 'Saila NB  Dusty Pink M', 69, 2, 100),
(526, 'Saila NB  Fanta M', 69, 2, 100),
(527, 'Saila NB  Frappe M', 69, 2, 100),
(528, 'Saila NB  Green Tea M', 69, 2, 100),
(529, 'Saila NB  Grey M', 69, 2, 100),
(530, 'Saila NB  Hijau Botol M', 69, 2, 100),
(531, 'Saila NB  Hijau Tosca Tua M', 69, 2, 100),
(532, 'Saila NB  Khaki M', 69, 2, 100),
(533, 'Saila NB  Kunyit M', 69, 2, 100),
(534, 'Saila NB  Lavender M', 69, 2, 100),
(535, 'Saila NB  Maroon M', 69, 2, 100),
(536, 'Saila NB  Mint M', 69, 2, 100),
(537, 'Saila NB  Mocca M', 69, 2, 100),
(538, 'Saila NB  Mocca Muda M', 69, 2, 100),
(539, 'Saila NB  Navy M', 69, 2, 100),
(540, 'Saila NB  Olive M', 69, 2, 100),
(541, 'Saila NB  Purple M', 69, 2, 100),
(542, 'Saila NB  Salmon M', 69, 2, 100),
(543, 'Saila NB  Silver M', 69, 2, 100),
(544, 'Saila NB  Sky Blue M', 69, 2, 100),
(545, 'Saila NB  White M', 69, 2, 100),
(546, 'Saila NB  JET BLACK M', 70, 2, 100),
(547, 'Saila NB Baby Pink L', 71, 2, 100),
(548, 'Saila NB  Baby Tosca L', 71, 2, 100),
(549, 'Saila NB  Biru Tosca Muda L', 71, 2, 100),
(550, 'Saila NB  Biru Tosca Tua L', 71, 2, 100),
(551, 'Saila NB  Black L', 71, 2, 100),
(552, 'Saila NB  Caramel L', 71, 2, 100),
(553, 'Saila NB  Dark Choco L', 71, 2, 100),
(554, 'Saila NB  Dusty Pink L', 71, 2, 100),
(555, 'Saila NB  Fanta L', 71, 2, 100),
(556, 'Saila NB  Frappe L', 71, 2, 100),
(557, 'Saila NB  Green Tea L', 71, 2, 100),
(558, 'Saila NB  Grey L', 71, 2, 100),
(559, 'Saila NB  Hijau Botol L', 71, 2, 100),
(560, 'Saila NB  Hijau Tosca Tua L', 71, 2, 100),
(561, 'Saila NB  Khaki L', 71, 2, 100),
(562, 'Saila NB  Kunyit L', 71, 2, 100),
(563, 'Saila NB  Lavender L', 71, 2, 100),
(564, 'Saila NB  Maroon L', 71, 2, 100),
(565, 'Saila NB  Mint L', 71, 2, 100),
(566, 'Saila NB  Mocca L', 71, 2, 100),
(567, 'Saila NB  Mocca Muda L', 71, 2, 100),
(568, 'Saila NB  Navy L', 71, 2, 100),
(569, 'Saila NB  Olive L', 71, 2, 100),
(570, 'Saila NB  Purple L', 71, 2, 100),
(571, 'Saila NB  Salmon L', 71, 2, 100),
(572, 'Saila NB  Silver L', 71, 2, 100),
(573, 'Saila NB  Sky Blue L', 71, 2, 100),
(574, 'Saila NB  White L', 71, 2, 100),
(575, 'Saila NB  JET BLACK L', 72, 2, 100),
(576, 'Farra Baby Pink', 73, 2, 100),
(577, 'Farra Baby Tosca', 73, 2, 100),
(578, 'Farra Biru Tosca Muda', 73, 2, 100),
(579, 'Farra Biru Tosca Tua', 73, 2, 100),
(580, 'Farra Black', 73, 2, 100),
(581, 'Farra Caramel', 73, 2, 100),
(582, 'Farra Dark Choco', 73, 2, 100),
(583, 'Farra Dusty Pink', 73, 2, 100),
(584, 'Farra Fanta', 73, 2, 100),
(585, 'Farra Frappe', 73, 2, 100),
(586, 'Farra Green Tea', 73, 2, 100),
(587, 'Farra Grey', 73, 2, 100),
(588, 'Farra Hijau Botol', 73, 2, 100),
(589, 'Farra Hijau Tosca Tua', 73, 2, 100),
(590, 'Farra Khaki', 73, 2, 100),
(591, 'Farra Kunyit', 73, 2, 100),
(592, 'Farra Lavender', 73, 2, 100),
(593, 'Farra Maroon', 73, 2, 100),
(594, 'Farra Mint', 73, 2, 100),
(595, 'Farra Mocca', 73, 2, 100),
(596, 'Farra Mocca Muda', 73, 2, 100),
(597, 'Farra Navy', 73, 2, 100),
(598, 'Farra Olive', 73, 2, 100),
(599, 'Farra Purple', 73, 2, 100),
(600, 'Farra Salmon', 73, 2, 100),
(601, 'Farra Silver', 73, 2, 100),
(602, 'Farra Sky Blue', 73, 2, 100),
(603, 'Farra White', 73, 2, 100),
(604, 'Farra JET BLACK', 74, 2, 100),
(605, 'Lana Baby Pink', 75, 2, 100),
(606, 'Lana Baby Tosca', 75, 2, 100),
(607, 'Lana Biru Tosca Muda', 75, 2, 100),
(608, 'Lana Biru Tosca Tua', 75, 2, 100),
(609, 'Lana Black', 75, 2, 100),
(610, 'Lana Caramel', 75, 2, 100),
(611, 'Lana Dark Choco', 75, 2, 100),
(612, 'Lana Dusty Pink', 75, 2, 100),
(613, 'Lana Fanta', 75, 2, 100),
(614, 'Lana Frappe', 75, 2, 100),
(615, 'Lana Green Tea', 75, 2, 100),
(616, 'Lana Grey', 75, 2, 100),
(617, 'Lana Hijau Botol', 75, 2, 100),
(618, 'Lana Hijau Tosca Tua', 75, 2, 100),
(619, 'Lana Khaki', 75, 2, 100),
(620, 'Lana Kunyit', 75, 2, 100),
(621, 'Lana Lavender', 75, 2, 100),
(622, 'Lana Maroon', 75, 2, 100),
(623, 'Lana Mint', 75, 2, 100),
(624, 'Lana Mocca', 75, 2, 100),
(625, 'Lana Mocca Muda', 75, 2, 100),
(626, 'Lana Navy', 75, 2, 100),
(627, 'Lana Olive', 75, 2, 100),
(628, 'Lana Purple', 75, 2, 100),
(629, 'Lana Salmon', 75, 2, 100),
(630, 'Lana Silver', 75, 2, 100),
(631, 'Lana Sky Blue', 75, 2, 100),
(632, 'Lana White', 75, 2, 100),
(633, 'Lana ET BLACK', 76, 2, 100),
(634, 'Nadira Kids Baby Pink XS', 77, 2, 100),
(635, 'Nadira Kids Baby Tosca XS', 77, 2, 100),
(636, 'Nadira Kids Biru Tosca Muda XS', 77, 2, 100),
(637, 'Nadira Kids Biru Tosca Tua XS', 77, 2, 100),
(638, 'Nadira Kids Black XS', 77, 2, 100),
(639, 'Nadira Kids Caramel XS', 77, 2, 100),
(640, 'Nadira Kids Dark Choco XS', 77, 2, 100),
(641, 'Nadira Kids Dusty Pink XS', 77, 2, 100),
(642, 'Nadira Kids Fanta XS', 77, 2, 100),
(643, 'Nadira Kids Frappe XS', 77, 2, 100),
(644, 'Nadira Kids Green Tea XS', 77, 2, 100),
(645, 'Nadira Kids Grey XS', 77, 2, 100),
(646, 'Nadira Kids Hijau Botol XS', 77, 2, 100),
(647, 'Nadira Kids Hijau Tosca Tua XS', 77, 2, 100),
(648, 'Nadira Kids Khaki XS', 77, 2, 100),
(649, 'Nadira Kids Kunyit XS', 77, 2, 100),
(650, 'Nadira Kids Lavender XS', 77, 2, 100),
(651, 'Nadira Kids Maroon XS', 77, 2, 100),
(652, 'Nadira Kids Mint XS', 77, 2, 100),
(653, 'Nadira Kids Mocca XS', 77, 2, 100),
(654, 'Nadira Kids Mocca Muda XS', 77, 2, 100),
(655, 'Nadira Kids Navy XS', 77, 2, 100),
(656, 'Nadira Kids Olive XS', 77, 2, 100),
(657, 'Nadira Kids Purple XS', 77, 2, 100),
(658, 'Nadira Kids Salmon XS', 77, 2, 100),
(659, 'Nadira Kids Silver XS', 77, 2, 100),
(660, 'Nadira Kids Sky Blue XS', 77, 2, 100),
(661, 'Nadira Kids White XS', 77, 2, 100),
(662, 'Nadira Kids JET BLACK XS', 78, 2, 100),
(663, 'Nadira Kids Baby Pink S', 79, 2, 100),
(664, 'Nadira Kids Baby Tosca S', 79, 2, 100),
(665, 'Nadira Kids Biru Tosca Muda S', 79, 2, 100),
(666, 'Nadira Kids Biru Tosca Tua S', 79, 2, 100),
(667, 'Nadira Kids Black S', 79, 2, 100),
(668, 'Nadira Kids Caramel S', 79, 2, 100),
(669, 'Nadira Kids Dark Choco S', 79, 2, 100),
(670, 'Nadira Kids Dusty Pink S', 79, 2, 100),
(671, 'Nadira Kids Fanta S', 79, 2, 100),
(672, 'Nadira Kids Frappe S', 79, 2, 100),
(673, 'Nadira Kids Green Tea S', 79, 2, 100),
(674, 'Nadira Kids Grey S', 79, 2, 100),
(675, 'Nadira Kids Hijau Botol S', 79, 2, 100),
(676, 'Nadira Kids Hijau Tosca Tua S', 79, 2, 100),
(677, 'Nadira Kids Khaki S', 79, 2, 100),
(678, 'Nadira Kids Kunyit S', 79, 2, 100),
(679, 'Nadira Kids Lavender S', 79, 2, 100),
(680, 'Nadira Kids Maroon S', 79, 2, 100),
(681, 'Nadira Kids Mint S', 79, 2, 100),
(682, 'Nadira Kids Mocca S', 79, 2, 100),
(683, 'Nadira Kids Mocca Muda S', 79, 2, 100),
(684, 'Nadira Kids Navy S', 79, 2, 100),
(685, 'Nadira Kids Olive S', 79, 2, 100),
(686, 'Nadira Kids Purple S', 79, 2, 100),
(687, 'Nadira Kids Salmon S', 79, 2, 100),
(688, 'Nadira Kids Silver S', 79, 2, 100),
(689, 'Nadira Kids Sky Blue S', 79, 2, 100),
(690, 'Nadira Kids White S', 79, 2, 100),
(691, 'Nadira Kids JET BLACK S', 80, 2, 100),
(692, 'Nadira Kids Baby Pink M', 81, 2, 100),
(693, 'Nadira Kids Baby Tosca M', 81, 2, 100),
(694, 'Nadira Kids Biru Tosca Muda M', 81, 2, 100),
(695, 'Nadira Kids Biru Tosca Tua M', 81, 2, 100),
(696, 'Nadira Kids Black M', 81, 2, 100),
(697, 'Nadira Kids Caramel M', 81, 2, 100),
(698, 'Nadira Kids Dark Choco M', 81, 2, 100),
(699, 'Nadira Kids Dusty Pink M', 81, 2, 100),
(700, 'Nadira Kids Fanta M', 81, 2, 100),
(701, 'Nadira Kids Frappe M', 81, 2, 100),
(702, 'Nadira Kids Green Tea M', 81, 2, 100),
(703, 'Nadira Kids Grey M', 81, 2, 100),
(704, 'Nadira Kids Hijau Botol M', 81, 2, 100),
(705, 'Nadira Kids Hijau Tosca Tua M', 81, 2, 100),
(706, 'Nadira Kids Khaki M', 81, 2, 100),
(707, 'Nadira Kids Kunyit M', 81, 2, 100),
(708, 'Nadira Kids Lavender M', 81, 2, 100),
(709, 'Nadira Kids Maroon M', 81, 2, 100),
(710, 'Nadira Kids Mint M', 81, 2, 100),
(711, 'Nadira Kids Mocca M', 81, 2, 100),
(712, 'Nadira Kids Mocca Muda M', 81, 2, 100),
(713, 'Nadira Kids Navy M', 81, 2, 100),
(714, 'Nadira Kids Olive M', 81, 2, 100),
(715, 'Nadira Kids Purple M', 81, 2, 100),
(716, 'Nadira Kids Salmon M', 81, 2, 100),
(717, 'Nadira Kids Silver M', 81, 2, 100),
(718, 'Nadira Kids Sky Blue M', 81, 2, 100),
(719, 'Nadira Kids White M', 81, 2, 100),
(720, 'Nadira Kids JET BLACK M', 82, 2, 100),
(721, 'Nadira Kids Baby Pink L', 83, 2, 100),
(722, 'Nadira Kids Baby Tosca L', 83, 2, 100),
(723, 'Nadira Kids Biru Tosca Muda L', 83, 2, 100),
(724, 'Nadira Kids Biru Tosca Tua L', 83, 2, 100),
(725, 'Nadira Kids Black L', 83, 2, 100),
(726, 'Nadira Kids Caramel L', 83, 2, 100),
(727, 'Nadira Kids Dark Choco L', 83, 2, 100),
(728, 'Nadira Kids Dusty Pink L', 83, 2, 100),
(729, 'Nadira Kids Fanta L', 83, 2, 100),
(730, 'Nadira Kids Frappe L', 83, 2, 100),
(731, 'Nadira Kids Green Tea L', 83, 2, 100),
(732, 'Nadira Kids Grey L', 83, 2, 100),
(733, 'Nadira Kids Hijau Botol L', 83, 2, 100),
(734, 'Nadira Kids Hijau Tosca Tua L', 83, 2, 100),
(735, 'Nadira Kids Khaki L', 83, 2, 100),
(736, 'Nadira Kids Kunyit L', 83, 2, 100),
(737, 'Nadira Kids Lavender L', 83, 2, 100),
(738, 'Nadira Kids Maroon L', 83, 2, 100),
(739, 'Nadira Kids Mint L', 83, 2, 100),
(740, 'Nadira Kids Mocca L', 83, 2, 100),
(741, 'Nadira Kids Mocca Muda L', 83, 2, 100),
(742, 'Nadira Kids Navy L', 83, 2, 100),
(743, 'Nadira Kids Olive L', 83, 2, 100),
(744, 'Nadira Kids Purple L', 83, 2, 100),
(745, 'Nadira Kids Salmon L', 83, 2, 100),
(746, 'Nadira Kids Silver L', 83, 2, 100),
(747, 'Nadira Kids Sky Blue L', 83, 2, 100),
(748, 'Nadira Kids White L', 83, 2, 100),
(749, 'Nadira Kids JET BLACK L', 84, 2, 100),
(750, 'Adeeva Baby Pink XS', 85, 2, 100),
(751, 'Adeeva Baby Tosca XS', 85, 2, 100),
(752, 'Adeeva Biru Tosca Muda XS', 85, 2, 100),
(753, 'Adeeva Biru Tosca Tua XS', 85, 2, 100),
(754, 'Adeeva Black XS', 85, 2, 100),
(755, 'Adeeva Caramel XS', 85, 2, 100),
(756, 'Adeeva Dark Choco XS', 85, 2, 100),
(757, 'Adeeva Dusty Pink XS', 85, 2, 100),
(758, 'Adeeva Fanta XS', 85, 2, 100),
(759, 'Adeeva Frappe XS', 85, 2, 100),
(760, 'Adeeva Green Tea XS', 85, 2, 100),
(761, 'Adeeva Grey XS', 85, 2, 100),
(762, 'Adeeva Hijau Botol XS', 85, 2, 100),
(763, 'Adeeva Hijau Tosca Tua XS', 85, 2, 100),
(764, 'Adeeva Khaki XS', 85, 2, 100),
(765, 'Adeeva Kunyit XS', 85, 2, 100),
(766, 'Adeeva Lavender XS', 85, 2, 100),
(767, 'Adeeva Maroon XS', 85, 2, 100),
(768, 'Adeeva Mint XS', 85, 2, 100),
(769, 'Adeeva Mocca XS', 85, 2, 100),
(770, 'Adeeva Mocca Muda XS', 85, 2, 100),
(771, 'Adeeva Navy XS', 85, 2, 100),
(772, 'Adeeva Olive XS', 85, 2, 100),
(773, 'Adeeva Purple XS', 85, 2, 100),
(774, 'Adeeva Salmon XS', 85, 2, 100),
(775, 'Adeeva Silver XS', 85, 2, 100),
(776, 'Adeeva Sky Blue XS', 85, 2, 100),
(777, 'Adeeva White XS', 85, 2, 100),
(778, 'Adeeva JET BLACK XS', 86, 2, 100),
(780, 'Adeeva Baby Pink S', 87, 2, 100),
(781, 'Adeeva Baby Tosca S', 87, 2, 100),
(782, 'Adeeva Biru Tosca Muda S', 87, 2, 100),
(783, 'Adeeva Biru Tosca Tua S', 87, 2, 100),
(784, 'Adeeva Black S', 87, 2, 100),
(785, 'Adeeva Caramel S', 87, 2, 100),
(786, 'Adeeva Dark Choco S', 87, 2, 100),
(787, 'Adeeva Dusty Pink S', 87, 2, 100),
(788, 'Adeeva Fanta S', 87, 2, 100),
(789, 'Adeeva Frappe S', 87, 2, 100),
(790, 'Adeeva Green Tea S', 87, 2, 100),
(791, 'Adeeva Grey S', 87, 2, 100),
(792, 'Adeeva Hijau Botol S', 87, 2, 100),
(793, 'Adeeva Hijau Tosca Tua S', 87, 2, 100),
(794, 'Adeeva Khaki S', 87, 2, 100),
(795, 'Adeeva Kunyit S', 87, 2, 100),
(796, 'Adeeva Lavender S', 87, 2, 100),
(797, 'Adeeva Maroon S', 87, 2, 100),
(798, 'Adeeva Mint S', 87, 2, 100),
(799, 'Adeeva Mocca S', 87, 2, 100),
(800, 'Adeeva Mocca Muda S', 87, 2, 100),
(801, 'Adeeva Navy S', 87, 2, 100),
(802, 'Adeeva Olive S', 87, 2, 100),
(803, 'Adeeva Purple S', 87, 2, 100),
(804, 'Adeeva Salmon S', 87, 2, 100),
(805, 'Adeeva Silver S', 87, 2, 100),
(806, 'Adeeva Sky Blue S', 87, 2, 100),
(807, 'Adeeva White S', 87, 2, 100),
(808, 'Adeeva JET BLACK S', 88, 2, 100),
(809, 'Adeeva Baby Pink M', 89, 2, 100),
(810, 'Adeeva Baby Tosca M', 89, 2, 100),
(811, 'Adeeva Biru Tosca Muda M', 89, 2, 100),
(812, 'Adeeva Biru Tosca Tua M', 89, 2, 100),
(813, 'Adeeva Black M', 89, 2, 100),
(814, 'Adeeva Caramel M', 89, 2, 100),
(815, 'Adeeva Dark Choco M', 89, 2, 100),
(816, 'Adeeva Dusty Pink M', 89, 2, 100),
(817, 'Adeeva Fanta M', 89, 2, 100),
(818, 'Adeeva Frappe M', 89, 2, 100),
(819, 'Adeeva Green Tea M', 89, 2, 100),
(820, 'Adeeva Grey M', 89, 2, 100),
(821, 'Adeeva Hijau Botol M', 89, 2, 100),
(822, 'Adeeva Hijau Tosca Tua M', 89, 2, 100),
(823, 'Adeeva Khaki M', 89, 2, 100),
(824, 'Adeeva Kunyit M', 89, 2, 100),
(825, 'Adeeva Lavender M', 89, 2, 100),
(826, 'Adeeva Maroon M', 89, 2, 100),
(827, 'Adeeva Mint M', 89, 2, 100),
(828, 'Adeeva Mocca M', 89, 2, 100),
(829, 'Adeeva Mocca Muda M', 89, 2, 100),
(830, 'Adeeva Navy M', 89, 2, 100),
(831, 'Adeeva Olive M', 89, 2, 100),
(832, 'Adeeva Purple M', 89, 2, 100),
(833, 'Adeeva Salmon M', 89, 2, 100),
(834, 'Adeeva Silver M', 89, 2, 100),
(835, 'Adeeva Sky Blue M', 89, 2, 100),
(836, 'Adeeva White M', 89, 2, 100),
(837, 'Adeeva JET BLACK M', 90, 2, 100),
(838, 'Adeeva Baby Pink L', 91, 2, 100),
(839, 'Adeeva Baby Tosca L', 91, 2, 100),
(840, 'Adeeva Biru Tosca Muda L', 91, 2, 100),
(841, 'Adeeva Biru Tosca Tua L', 91, 2, 100),
(842, 'Adeeva Black L', 91, 2, 100),
(843, 'Adeeva Caramel L', 91, 2, 100),
(844, 'Adeeva Dark Choco L', 91, 2, 100),
(845, 'Adeeva Dusty Pink L', 91, 2, 100),
(846, 'Adeeva Fanta L', 91, 2, 100),
(847, 'Adeeva Frappe L', 91, 2, 100),
(848, 'Adeeva Green Tea L', 91, 2, 100),
(849, 'Adeeva Grey L', 91, 2, 100),
(850, 'Adeeva Hijau Botol L', 91, 2, 100),
(851, 'Adeeva Hijau Tosca Tua L', 91, 2, 100),
(852, 'Adeeva Khaki L', 91, 2, 100),
(853, 'Adeeva Kunyit L', 91, 2, 100),
(854, 'Adeeva Lavender L', 91, 2, 100),
(855, 'Adeeva Maroon L', 91, 2, 100),
(856, 'Adeeva Mint L', 91, 2, 100),
(857, 'Adeeva Mocca L', 91, 2, 100),
(858, 'Adeeva Mocca Muda L', 91, 2, 100),
(859, 'Adeeva Navy L', 91, 2, 100),
(860, 'Adeeva Olive L', 91, 2, 100),
(861, 'Adeeva Purple L', 91, 2, 100),
(862, 'Adeeva Salmon L', 91, 2, 100),
(863, 'Adeeva Silver L', 91, 2, 100),
(864, 'Adeeva Sky Blue L', 91, 2, 100),
(865, 'Adeeva White L', 91, 2, 100),
(866, 'Adeeva JET BLACK L', 92, 2, 100),
(867, 'Adeeva Baby Pink XL', 93, 2, 100),
(868, 'Adeeva Baby Tosca XL', 93, 2, 100),
(869, 'Adeeva Biru Tosca Muda XL', 93, 2, 100),
(870, 'Adeeva Biru Tosca Tua XL', 93, 2, 100),
(871, 'Adeeva Black XL', 93, 2, 100),
(872, 'Adeeva Caramel XL', 93, 2, 100),
(873, 'Adeeva Dark Choco XL', 93, 2, 100),
(874, 'Adeeva Dusty Pink XL', 93, 2, 100),
(875, 'Adeeva Fanta XL', 93, 2, 100),
(876, 'Adeeva Frappe XL', 93, 2, 100),
(877, 'Adeeva Green Tea XL', 93, 2, 100),
(878, 'Adeeva Grey XL', 93, 2, 100),
(879, 'Adeeva Hijau Botol XL', 93, 2, 100),
(880, 'Adeeva Hijau Tosca Tua XL', 93, 2, 100),
(881, 'Adeeva Khaki XL', 93, 2, 100),
(882, 'Adeeva Kunyit XL', 93, 2, 100),
(883, 'Adeeva Lavender XL', 93, 2, 100),
(884, 'Adeeva Maroon XL', 93, 2, 100),
(885, 'Adeeva Mint XL', 93, 2, 100),
(886, 'Adeeva Mocca XL', 93, 2, 100),
(887, 'Adeeva Mocca Muda XL', 93, 2, 100),
(888, 'Adeeva Navy XL', 93, 2, 100),
(889, 'Adeeva Olive XL', 93, 2, 100),
(890, 'Adeeva Purple XL', 93, 2, 100),
(891, 'Adeeva Salmon XL', 93, 2, 100),
(892, 'Adeeva Silver XL', 93, 2, 100),
(893, 'Adeeva Sky Blue XL', 93, 2, 100),
(894, 'Adeeva White XL', 93, 2, 100),
(895, 'Adeeva JET BLACK XL', 94, 2, 100),
(896, 'Hayfa Baby Pink', 95, 2, 100),
(897, 'Hayfa Baby Tosca ', 95, 2, 100),
(898, 'Hayfa Biru Tosca Muda ', 95, 2, 100),
(899, 'Hayfa Biru Tosca Tua ', 95, 2, 100),
(900, 'Hayfa Black ', 95, 2, 100),
(901, 'Hayfa Caramel ', 95, 2, 100),
(902, 'Hayfa Dark Choco ', 95, 2, 100),
(903, 'Hayfa Dusty Pink ', 95, 2, 100),
(904, 'Hayfa Fanta ', 95, 2, 100),
(905, 'Hayfa Frappe ', 95, 2, 100),
(906, 'Hayfa Green Tea ', 95, 2, 100),
(907, 'Hayfa Grey ', 95, 2, 100),
(908, 'Hayfa Hijau Botol ', 95, 2, 100),
(909, 'Hayfa Hijau Tosca Tua ', 95, 2, 100),
(910, 'Hayfa Khaki ', 95, 2, 100),
(911, 'Hayfa Kunyit ', 95, 2, 100),
(912, 'Hayfa Lavender ', 95, 2, 100),
(913, 'Hayfa Maroon ', 95, 2, 100),
(914, 'Hayfa Mint ', 95, 2, 100),
(915, 'Hayfa Mocca ', 95, 2, 100),
(916, 'Hayfa Mocca Muda ', 95, 2, 100),
(917, 'Hayfa Navy ', 95, 2, 100),
(918, 'Hayfa Olive ', 95, 2, 100),
(919, 'Hayfa Purple ', 95, 2, 100),
(920, 'Hayfa Salmon ', 95, 2, 100),
(921, 'Hayfa Silver ', 95, 2, 100),
(922, 'Hayfa Sky Blue ', 95, 2, 100),
(923, 'Hayfa White ', 95, 2, 100),
(924, 'Hayfa JET BLACK ', 96, 2, 100),
(925, 'Hayfa Kids Baby Pink S', 97, 2, 100),
(926, 'Hayfa Kids Baby Tosca S', 97, 2, 100),
(927, 'Hayfa Kids Biru Tosca Muda S', 97, 2, 100),
(928, 'Hayfa Kids Biru Tosca Tua S', 97, 2, 100),
(929, 'Hayfa Kids Black S', 97, 2, 100),
(930, 'Hayfa Kids Caramel S', 97, 2, 100),
(931, 'Hayfa Kids Dark Choco S', 97, 2, 100),
(932, 'Hayfa Kids Dusty Pink S', 97, 2, 100),
(933, 'Hayfa Kids Fanta S', 97, 2, 100),
(934, 'Hayfa Kids Frappe S', 97, 2, 100),
(935, 'Hayfa Kids Green Tea S', 97, 2, 100),
(936, 'Hayfa Kids Grey S', 97, 2, 100),
(937, 'Hayfa Kids Hijau Botol S', 97, 2, 100),
(938, 'Hayfa Kids Hijau Tosca Tua S', 97, 2, 100),
(939, 'Hayfa Kids Khaki S', 97, 2, 100),
(940, 'Hayfa Kids Kunyit S', 97, 2, 100),
(941, 'Hayfa Kids Lavender S', 97, 2, 100),
(942, 'Hayfa Kids Maroon S', 97, 2, 100),
(943, 'Hayfa Kids Mint S', 97, 2, 100),
(944, 'Hayfa Kids Mocca S', 97, 2, 100),
(945, 'Hayfa Kids Mocca Muda S', 97, 2, 100),
(946, 'Hayfa Kids Navy S', 97, 2, 100),
(947, 'Hayfa Kids Olive S', 97, 2, 100),
(948, 'Hayfa Kids Purple S', 97, 2, 100),
(949, 'Hayfa Kids Salmon S', 97, 2, 100),
(950, 'Hayfa Kids Silver S', 97, 2, 100),
(951, 'Hayfa Kids Sky Blue S', 97, 2, 100),
(952, 'Hayfa Kids White S', 97, 2, 100),
(953, 'Hayfa Kids JET BLACK S', 98, 2, 100),
(954, 'Hayfa Kids Baby Pink M', 99, 2, 100),
(955, 'Hayfa Kids Baby Tosca M', 99, 2, 100),
(956, 'Hayfa Kids Biru Tosca Muda M', 99, 2, 100),
(957, 'Hayfa Kids Biru Tosca Tua M', 99, 2, 100),
(958, 'Hayfa Kids Black M', 99, 2, 100),
(959, 'Hayfa Kids Caramel M', 99, 2, 100),
(960, 'Hayfa Kids Dark Choco M', 99, 2, 100),
(961, 'Hayfa Kids Dusty Pink M', 99, 2, 100),
(962, 'Hayfa Kids Fanta M', 99, 2, 100),
(963, 'Hayfa Kids Frappe M', 99, 2, 100),
(964, 'Hayfa Kids Green Tea M', 99, 2, 100),
(965, 'Hayfa Kids Grey M', 99, 2, 100),
(966, 'Hayfa Kids Hijau Botol M', 99, 2, 100),
(967, 'Hayfa Kids Hijau Tosca Tua M', 99, 2, 100),
(968, 'Hayfa Kids Khaki M', 99, 2, 100),
(969, 'Hayfa Kids Kunyit M', 99, 2, 100),
(970, 'Hayfa Kids Lavender M', 99, 2, 100),
(971, 'Hayfa Kids Maroon M', 99, 2, 100),
(972, 'Hayfa Kids Mint M', 99, 2, 100),
(973, 'Hayfa Kids Mocca M', 99, 2, 100),
(974, 'Hayfa Kids Mocca Muda M', 99, 2, 100),
(975, 'Hayfa Kids Navy M', 99, 2, 100),
(976, 'Hayfa Kids Olive M', 99, 2, 100),
(977, 'Hayfa Kids Purple M', 99, 2, 100),
(978, 'Hayfa Kids Salmon M', 99, 2, 100),
(979, 'Hayfa Kids Silver M', 99, 2, 100),
(980, 'Hayfa Kids Sky Blue M', 99, 2, 100),
(981, 'Hayfa Kids White M', 99, 2, 100),
(982, 'Hayfa Kids JET BLACK M', 100, 2, 100),
(983, 'Hayfa Kids Baby Pink L', 101, 2, 100),
(984, 'Hayfa Kids Baby Tosca L', 101, 2, 100),
(985, 'Hayfa Kids Biru Tosca Muda L', 101, 2, 100),
(986, 'Hayfa Kids Biru Tosca Tua L', 101, 2, 100),
(987, 'Hayfa Kids Black L', 101, 2, 100),
(988, 'Hayfa Kids Caramel L', 101, 2, 100),
(989, 'Hayfa Kids Dark Choco L', 101, 2, 100),
(990, 'Hayfa Kids Dusty Pink L', 101, 2, 100),
(991, 'Hayfa Kids Fanta L', 101, 2, 100),
(992, 'Hayfa Kids Frappe L', 101, 2, 100),
(993, 'Hayfa Kids Green Tea L', 101, 2, 100),
(994, 'Hayfa Kids Grey L', 101, 2, 100),
(995, 'Hayfa Kids Hijau Botol L', 101, 2, 100),
(996, 'Hayfa Kids Hijau Tosca Tua L', 101, 2, 100),
(997, 'Hayfa Kids Khaki L', 101, 2, 100),
(998, 'Hayfa Kids Kunyit L', 101, 2, 100),
(999, 'Hayfa Kids Lavender L', 101, 2, 100),
(1000, 'Hayfa Kids Maroon L', 101, 2, 100),
(1001, 'Hayfa Kids Mint L', 101, 2, 100),
(1002, 'Hayfa Kids Mocca L', 101, 2, 100),
(1003, 'Hayfa Kids Mocca Muda L', 101, 2, 100),
(1004, 'Hayfa Kids Navy L', 101, 2, 100),
(1005, 'Hayfa Kids Olive L', 101, 2, 100),
(1006, 'Hayfa Kids Purple L', 101, 2, 100),
(1007, 'Hayfa Kids Salmon L', 101, 2, 100),
(1008, 'Hayfa Kids Silver L', 101, 2, 100),
(1009, 'Hayfa Kids Sky Blue L', 101, 2, 100),
(1010, 'Hayfa Kids White L', 101, 2, 100),
(1011, 'Hayfa Kids JET BLACK L', 102, 2, 100),
(1012, 'Hayfa Kids Baby Pink XL', 103, 2, 100),
(1013, 'Hayfa Kids Baby Tosca XL', 103, 2, 100),
(1014, 'Hayfa Kids Biru Tosca Muda XL', 103, 2, 100),
(1015, 'Hayfa Kids Biru Tosca Tua XL', 103, 2, 100),
(1016, 'Hayfa Kids Black XL', 103, 2, 100),
(1017, 'Hayfa Kids Caramel XL', 103, 2, 100),
(1018, 'Hayfa Kids Dark Choco XL', 103, 2, 100),
(1019, 'Hayfa Kids Dusty Pink XL', 103, 2, 100),
(1020, 'Hayfa Kids Fanta XL', 103, 2, 100),
(1021, 'Hayfa Kids Frappe XL', 103, 2, 100),
(1022, 'Hayfa Kids Green Tea XL', 103, 2, 100),
(1023, 'Hayfa Kids Grey XL', 103, 2, 100),
(1024, 'Hayfa Kids Hijau Botol XL', 103, 2, 100),
(1025, 'Hayfa Kids Hijau Tosca Tua XL', 103, 2, 100),
(1026, 'Hayfa Kids Khaki XL', 103, 2, 100),
(1027, 'Hayfa Kids Kunyit XL', 103, 2, 100),
(1028, 'Hayfa Kids Lavender XL', 103, 2, 100),
(1029, 'Hayfa Kids Maroon XL', 103, 2, 100),
(1030, 'Hayfa Kids Mint XL', 103, 2, 100),
(1031, 'Hayfa Kids Mocca XL', 103, 2, 100),
(1032, 'Hayfa Kids Mocca Muda XL', 103, 2, 100),
(1033, 'Hayfa Kids Navy XL', 103, 2, 100),
(1034, 'Hayfa Kids Olive XL', 103, 2, 100),
(1035, 'Hayfa Kids Purple XL', 103, 2, 100),
(1036, 'Hayfa Kids Salmon XL', 103, 2, 100),
(1037, 'Hayfa Kids Silver XL', 103, 2, 100),
(1038, 'Hayfa Kids Sky Blue XL', 103, 2, 100),
(1039, 'Hayfa Kids White XL', 103, 2, 100),
(1040, 'Hayfa Kids JET BLACK XL', 104, 2, 100),
(1041, 'Wupol Black', 105, 2, 100),
(1042, 'Wupol Cream', 105, 2, 100),
(1043, 'Wupol White', 105, 2, 100),
(1044, 'Dhia BTM-BTT', 106, 2, 100),
(1045, 'Dhia BTT-BTM', 106, 2, 100),
(1046, 'Dhia Black-PITA Gold', 106, 2, 100),
(1047, 'Dhia Black-PITA Perak', 106, 2, 100),
(1048, 'Dhia White-PITA Gold', 106, 2, 100),
(1049, 'Dhia White-PITA Perak', 106, 2, 100),
(1050, 'Dhia Navy-Fanta', 106, 2, 100),
(1051, 'Dhia Fanta-Navy', 106, 2, 100),
(1052, 'Dhia Fanta-HTT', 106, 2, 100),
(1053, 'Dhia HTT-Fanta', 106, 2, 100),
(1054, 'Dhia Olive-Green Tea', 106, 2, 100),
(1055, 'Dhia Greean Te-Olive', 106, 2, 100),
(1056, 'Dhia Khaki-Olive', 106, 2, 100),
(1057, 'Dhia Olive-Khaki', 106, 2, 100),
(1058, 'Dhia Hijau Botol-Mint', 106, 2, 100),
(1059, 'Dhia Mint-Hijau Botol', 106, 2, 100),
(1060, 'Dhia MM-Mocca', 106, 2, 100),
(1061, 'Dhia Mocca-MM', 106, 2, 100),
(1062, 'Dhia Choco-Caramel', 106, 2, 100),
(1063, 'Dhia Caramel-Choco', 106, 2, 100),
(1064, 'Dhia Grey-Dusty Pink', 106, 2, 100),
(1065, 'Dhia Dusty Pink-Grey', 106, 2, 100),
(1066, 'Dhia Baby Tosca-HTT', 106, 2, 100),
(1067, 'Dhia HTT-Baby Tosca', 106, 2, 100),
(1068, 'Dhia Purple-Lavender', 106, 2, 100),
(1069, 'Dhia Lavender-Purple', 106, 2, 100),
(1070, 'Dhia Mint-Baby Pink', 106, 2, 100),
(1071, 'Dhia Baby Pink-Mint', 106, 2, 100),
(1072, 'Dhia Black-Salmon', 106, 2, 100),
(1073, 'Dhia salmon-Black', 106, 2, 100),
(1074, 'Dhia Fanta-Baby Pink', 106, 2, 100),
(1075, 'Dhia Baby Pink-Fanta', 106, 2, 100),
(1076, 'Dhia Kunyit-Frappe', 106, 2, 100),
(1077, 'Dhia Frappe-Kunyit', 106, 2, 100),
(1078, 'Dhia Choco-Salmon', 106, 2, 100),
(1079, 'Dhia Salmon-Choco', 106, 2, 100),
(1080, 'Dhia Sky Blue-Navy', 106, 2, 100),
(1081, 'Dhia Navy-Sky Blue', 106, 2, 100),
(1082, 'Dhia Black vs LIST Sky Blue', 106, 2, 100),
(1083, 'Dhia Black vs LIST Baby Tosca', 106, 2, 100),
(1084, 'Dhia Black Vs LIST Salmon', 106, 2, 100),
(1085, 'Dhia Black vs LIST Fanta', 106, 2, 100),
(1086, 'Dhia silver-black', 106, 2, 100),
(1087, 'Dhia black-silver', 106, 2, 100),
(1088, 'Bandana Army', 107, 2, 100),
(1089, 'Bandana Baby Pink', 107, 2, 100),
(1090, 'Bandana Black', 107, 2, 100),
(1091, 'Bandana Broken White', 107, 2, 100),
(1092, 'Bandana Bronze', 107, 2, 100),
(1093, 'Bandana Cream', 107, 2, 100),
(1094, 'Bandana Dark choho', 107, 2, 100),
(1095, 'Bandana Dark Grey', 107, 2, 100),
(1096, 'Bandana Dusty', 107, 2, 100),
(1097, 'Bandana Fanta', 107, 2, 100),
(1098, 'Bandana Forest', 107, 2, 100),
(1099, 'Bandana Latte', 107, 2, 100),
(1100, 'Bandana Lavender', 107, 2, 100),
(1101, 'Bandana Maroon', 107, 2, 100),
(1102, 'Bandana Matcha', 107, 2, 100),
(1103, 'Bandana Mustard', 107, 2, 100),
(1104, 'Bandana Navy', 107, 2, 100),
(1105, 'Bandana Orange', 107, 2, 100),
(1106, 'Bandana Persia', 107, 2, 100),
(1107, 'Bandana Pink', 107, 2, 100),
(1108, 'Bandana Purple', 107, 2, 100),
(1109, 'Bandana Silver', 107, 2, 100),
(1110, 'Bandana Soft Blue', 107, 2, 100),
(1111, 'Bandana Soft Tosca', 107, 2, 100),
(1112, 'Bandana Tosca', 107, 2, 100),
(1113, 'Bandana Turqish', 107, 2, 100),
(1114, 'Bandana White', 107, 2, 100),
(1115, 'Kupluk Army', 108, 2, 100),
(1116, 'Kupluk Baby Pink', 108, 2, 100),
(1117, 'Kupluk Black', 108, 2, 100),
(1118, 'Kupluk Broken White', 108, 2, 100),
(1119, 'Kupluk Bronze', 108, 2, 100),
(1120, 'Kupluk Cream', 108, 2, 100),
(1121, 'Kupluk Dark choho', 108, 2, 100),
(1122, 'Kupluk Dark Grey', 108, 2, 100),
(1123, 'Kupluk Dusty', 108, 2, 100),
(1124, 'Kupluk Fanta', 108, 2, 100),
(1125, 'Kupluk Forest', 108, 2, 100),
(1126, 'Kupluk Latte', 108, 2, 100),
(1127, 'Kupluk Lavender', 108, 2, 100),
(1128, 'Kupluk Maroon', 108, 2, 100),
(1129, 'Kupluk Matcha', 108, 2, 100),
(1130, 'Kupluk Mustard', 108, 2, 100),
(1131, 'Kupluk Navy', 108, 2, 100),
(1132, 'Kupluk Orange', 108, 2, 100),
(1133, 'Kupluk Persia', 108, 2, 100),
(1134, 'Kupluk Pink', 108, 2, 100),
(1135, 'Kupluk Purple', 108, 2, 100),
(1136, 'Kupluk Silver', 108, 2, 100),
(1137, 'Kupluk Soft Blue', 108, 2, 100),
(1138, 'Kupluk Soft Tosca', 108, 2, 100),
(1139, 'Kupluk Tosca', 108, 2, 100),
(1140, 'Kupluk Turqish', 108, 2, 100),
(1141, 'Kupluk White', 108, 2, 100),
(1142, 'Maisafa Apricot', 109, 2, 100),
(1143, 'Maisafa Black', 109, 2, 100),
(1144, 'Maisafa Brick', 109, 2, 100),
(1145, 'Maisafa Creamy', 109, 2, 100),
(1146, 'Maisafa Deep Turqoise', 109, 2, 100),
(1147, 'Maisafa Lavender', 109, 2, 100),
(1148, 'Maisafa Light Blue', 109, 2, 100),
(1149, 'Maisafa Lilac', 109, 2, 100),
(1150, 'Maisafa Maroon', 109, 2, 100),
(1151, 'Maisafa Matcha', 109, 2, 100),
(1152, 'Maisafa Mustard', 109, 2, 100),
(1153, 'Maisafa Navy', 109, 2, 100),
(1154, 'Maisafa Peach', 109, 2, 100),
(1155, 'Maisafa Pinky', 109, 2, 100),
(1156, 'Maisafa Royal Blue', 109, 2, 100),
(1157, 'Maisafa Silver', 109, 2, 100),
(1158, 'Maisafa Soft Tosca', 109, 2, 100),
(1159, 'Maisa Pink', 110, 2, 100),
(1160, 'Maisa lavender', 110, 2, 100),
(1161, 'Maisa misty rose', 110, 2, 100),
(1162, 'Maisa pale mint', 110, 2, 100),
(1163, 'Maisa turqoise', 110, 2, 100),
(1164, 'Maira pink', 111, 2, 100),
(1165, 'Maira lavender', 111, 2, 100),
(1166, 'Maira misty rose', 111, 2, 100),
(1167, 'Alea PINK', 112, 2, 100),
(1168, 'Alea Light peach', 112, 2, 100),
(1169, 'Azalea pale mint', 113, 2, 100),
(1170, 'Azalea fanta', 113, 2, 100),
(1171, 'Azalea PINK', 113, 2, 100),
(1172, 'Diamond pale mint', 114, 2, 100),
(1173, 'Diamond lavender', 114, 2, 100),
(1174, 'Ayra TALI Baby Pink S', 115, 2, 100),
(1175, 'Ayra Tali Baby Tosca S', 115, 2, 100),
(1176, 'Ayra Tali Biru Tosca Muda S', 115, 2, 100),
(1177, 'Ayra Tali Biru Tosca Tua S', 115, 2, 100),
(1178, 'Ayra Tali Black S', 115, 2, 100),
(1179, 'Ayra Tali Caramel S', 115, 2, 100),
(1180, 'Ayra Tali Dark Choco S', 115, 2, 100),
(1181, 'Ayra Tali Dusty Pink S', 115, 2, 100),
(1182, 'Ayra Tali Fanta S', 115, 2, 100),
(1183, 'Ayra Tali Frappe S', 115, 2, 100),
(1184, 'Ayra Tali Green Tea S', 115, 2, 100),
(1185, 'Ayra Tali Grey S', 115, 2, 100),
(1186, 'Ayra Tali Hijau Botol S', 115, 2, 100),
(1187, 'Ayra Tali Hijau Tosca Tua S', 115, 2, 100),
(1188, 'Ayra Tali Khaki S', 115, 2, 100),
(1189, 'Ayra Tali Kunyit S', 115, 2, 100),
(1190, 'Ayra Tali Lavender S', 115, 2, 100),
(1191, 'Ayra Tali Maroon S', 115, 2, 100),
(1192, 'Ayra Tali Mint S', 115, 2, 100),
(1193, 'Ayra Tali Mocca S', 115, 2, 100),
(1194, 'Ayra Mocca Muda S', 115, 2, 100),
(1195, 'Ayra Tali Navy S', 115, 2, 100),
(1196, 'Ayra Tali Olive S', 115, 2, 100),
(1197, 'Ayra Tali Purple S', 115, 2, 100),
(1198, 'Ayra Tali Salmon S', 115, 2, 100),
(1199, 'Ayra Tali Silver S', 115, 2, 100),
(1200, 'Ayra Tali Sky Blue S', 115, 2, 100),
(1201, 'Ayra Tali White S', 115, 2, 100),
(1202, 'Ayra JET BLACK S', 116, 2, 100),
(1203, 'Ayra TALI Baby Pink M', 117, 2, 100),
(1204, 'Ayra Baby Tosca M', 117, 2, 100),
(1205, 'Ayra Biru Tosca Muda M', 117, 2, 100),
(1206, 'Ayra Biru Tosca Tua M', 117, 2, 100),
(1207, 'Ayra Black M ', 117, 2, 100),
(1208, 'Ayra Caramel M', 117, 2, 100),
(1209, 'Ayra Dark Choco M', 117, 2, 100),
(1210, 'Ayra Dusty Pink M', 117, 2, 100),
(1211, 'Ayra Fanta M', 117, 2, 100),
(1212, 'Ayra Frappe M', 117, 2, 100),
(1213, 'Ayra Green Tea M', 117, 2, 100),
(1214, 'Ayra Grey M', 117, 2, 100),
(1215, 'Ayra Hijau Botol M', 117, 2, 100),
(1216, 'Ayra Hijau Tosca Tua M', 117, 2, 100),
(1217, 'Ayra Khaki M', 117, 2, 100),
(1218, 'Ayra Kunyit M', 117, 2, 100),
(1219, 'Ayra Lavender M', 117, 2, 100),
(1220, 'Ayra Maroon M', 117, 2, 100),
(1221, 'Ayra Mint M', 117, 2, 100),
(1222, 'Ayra Mocca M', 117, 2, 100),
(1223, 'Ayra Mocca Muda M', 117, 2, 100),
(1224, 'Ayra Navy M', 117, 2, 100),
(1225, 'Ayra Olive M', 117, 2, 100),
(1226, 'Ayra Purple M', 117, 2, 100),
(1227, 'Ayra Salmon M', 117, 2, 100),
(1228, 'Ayra Silver M', 117, 2, 100),
(1229, 'Ayra Sky Blue M', 117, 2, 100),
(1230, 'Ayra White M', 117, 2, 100),
(1231, 'Ayra JET BLACK M', 118, 2, 100),
(1232, 'Ayra TALI Baby Pink L', 119, 2, 100),
(1233, 'Ayra Baby Tosca L', 119, 2, 100),
(1234, 'Ayra Biru Tosca Muda L', 119, 2, 100),
(1235, 'Ayra Biru Tosca Tua L', 119, 2, 100),
(1236, 'Ayra Black L', 119, 2, 100),
(1237, 'Ayra Caramel L', 119, 2, 100),
(1238, 'Ayra Dark Choco L', 119, 2, 100),
(1239, 'Ayra Dusty Pink L', 119, 2, 100),
(1240, 'Ayra Fanta L', 119, 2, 100),
(1241, 'Ayra Frappe L', 119, 2, 100),
(1242, 'Ayra Green Tea L', 119, 2, 100),
(1243, 'Ayra Grey L', 119, 2, 100),
(1244, 'Ayra Hijau Botol L', 119, 2, 100),
(1245, 'Ayra Hijau Tosca Tua L', 119, 2, 100),
(1246, 'Ayra Khaki L', 119, 2, 100),
(1247, 'Ayra Kunyit L', 119, 2, 100),
(1248, 'Ayra Lavender L', 119, 2, 100),
(1249, 'Ayra Maroon L', 119, 2, 100),
(1250, 'Ayra Mint L', 119, 2, 100),
(1251, 'Ayra Mocca L', 119, 2, 100),
(1252, 'Ayra Mocca Muda L', 119, 2, 100),
(1253, 'Ayra Navy  L', 119, 2, 100),
(1254, 'Ayra Olive L', 119, 2, 100),
(1255, 'Ayra Purple L', 119, 2, 100),
(1256, 'Ayra Salmon L', 119, 2, 100),
(1257, 'Ayra Silver L', 119, 2, 100),
(1258, 'Ayra Sky Blue L', 119, 2, 100),
(1259, 'Ayra White L', 119, 2, 100),
(1260, 'Ayra JET BLACK L', 120, 2, 100),
(1261, 'Ayra TALI Baby Pink XL', 121, 2, 100),
(1262, 'Ayra Baby Tosca XL', 121, 2, 100),
(1263, 'Ayra Biru Tosca Muda XL', 121, 2, 100),
(1264, 'Ayra Biru Tosca Tua XL', 121, 2, 100),
(1265, 'Ayra Black XL', 121, 2, 100),
(1266, 'Ayra Caramel XL', 121, 2, 100),
(1267, 'Ayra Dark Choco XL', 121, 2, 100),
(1268, 'Ayra Dusty Pink XL', 121, 2, 100),
(1269, 'Ayra Fanta XL', 121, 2, 100),
(1270, 'Ayra Frappe XL', 121, 2, 100),
(1271, 'Ayra Green Tea XL', 121, 2, 100),
(1272, 'Ayra Grey XL', 121, 2, 100),
(1273, 'Ayra Hijau Botol XL', 121, 2, 100),
(1274, 'Ayra Hijau Tosca Tua XL', 121, 2, 100),
(1275, 'Ayra Khaki XL', 121, 2, 100),
(1276, 'Ayra Kunyit XL', 121, 2, 100),
(1277, 'Ayra Lavender XL', 121, 2, 100),
(1278, 'Ayra Maroon XL', 121, 2, 100),
(1279, 'Ayra Mint XL', 121, 2, 100),
(1280, 'Ayra Mocca XL', 121, 2, 100),
(1281, 'Ayra Mocca Muda XL', 121, 2, 100),
(1282, 'Ayra Navy XL', 121, 2, 100),
(1283, 'Ayra Olive XL', 121, 2, 100),
(1284, 'Ayra Purple XL', 121, 2, 100),
(1285, 'Ayra Salmon XL', 121, 2, 100),
(1286, 'Ayra Silver XL', 121, 2, 100),
(1287, 'Ayra Sky Blue XL', 121, 2, 100),
(1288, 'Ayra White XL', 121, 2, 100),
(1289, 'Ayra JET BLACK XL', 122, 2, 100),
(1290, 'Nadira TALI Baby Pink S', 123, 2, 100),
(1291, 'Nadira Baby Tosca S', 123, 2, 100),
(1292, 'Nadira Biru Tosca Muda S', 123, 2, 100),
(1293, 'Nadira Biru Tosca Tua S', 123, 2, 100),
(1294, 'Nadira BlackS S', 123, 2, 100),
(1295, 'Nadira Caramel S', 123, 2, 100),
(1296, 'Nadira Dark Choco S', 123, 2, 100),
(1297, 'Nadira Dusty Pink S', 123, 2, 100),
(1298, 'Nadira Fanta S', 123, 2, 100),
(1299, 'Nadira Frappe S', 123, 2, 100),
(1300, 'Nadira Green Tea S', 123, 2, 100),
(1301, 'Nadira Grey S', 123, 2, 100),
(1302, 'Nadira Hijau Botol S', 123, 2, 100),
(1303, 'Nadira Hijau Tosca Tua S', 123, 2, 100),
(1304, 'Nadira Khaki S', 123, 2, 100),
(1305, 'Nadira Kunyit S', 123, 2, 100),
(1306, 'Nadira Lavender S', 123, 2, 100),
(1307, 'Nadira Maroon S', 123, 2, 100),
(1308, 'Nadira Mint S', 123, 2, 100),
(1309, 'Nadira Mocca S', 123, 2, 100),
(1310, 'Nadira Mocca Muda S', 123, 2, 100),
(1311, 'Nadira Navy S', 123, 2, 100),
(1312, 'Nadira Olive S', 123, 2, 100),
(1313, 'Nadira Purple S', 123, 2, 100),
(1314, 'Nadira Salmon S', 123, 2, 100),
(1315, 'Nadira Silver S', 123, 2, 100),
(1316, 'Nadira Sky Blue S', 123, 2, 100),
(1317, 'Nadira White S', 123, 2, 100),
(1318, 'JNadira ET BLACK S', 124, 2, 100),
(1319, 'Nadira TALI Baby Pink M', 125, 2, 100),
(1320, 'Nadira Baby Tosca M', 125, 2, 100),
(1321, 'Nadira Biru Tosca Muda M', 125, 2, 100),
(1322, 'Nadira Biru Tosca Tua M', 125, 2, 100),
(1323, 'Nadira Black M', 125, 2, 100),
(1324, 'Nadira Caramel M', 125, 2, 100),
(1325, 'Nadira Dark Choco M', 125, 2, 100),
(1326, 'Nadira Dusty Pink M', 125, 2, 100),
(1327, 'Nadira Fanta M', 125, 2, 100),
(1328, 'Nadira Frappe M', 125, 2, 100),
(1329, 'Nadira Green Tea M', 125, 2, 100),
(1330, 'Nadira Grey M', 125, 2, 100),
(1331, 'Nadira Hijau Botol M', 125, 2, 100),
(1332, 'Nadira Hijau Tosca Tua M', 125, 2, 100),
(1333, 'Nadira Khaki M', 125, 2, 100),
(1334, 'Nadira Kunyit M', 125, 2, 100),
(1335, 'Nadira Lavender M', 125, 2, 100),
(1336, 'Nadira Maroon M', 125, 2, 100),
(1337, 'Nadira Mint M', 125, 2, 100),
(1338, 'Nadira Mocca M', 125, 2, 100),
(1339, 'Nadira Mocca Muda M', 125, 2, 100),
(1340, 'Nadira Navy M', 125, 2, 100),
(1341, 'Nadira Olive M', 125, 2, 100),
(1342, 'Nadira Purple M', 125, 2, 100),
(1343, 'Nadira Salmon M', 125, 2, 100),
(1344, 'Nadira Silver M', 125, 2, 100),
(1345, 'Nadira Sky Blue M', 125, 2, 100),
(1346, 'Nadira White M', 125, 2, 100),
(1347, 'JNadira ET BLACK M', 126, 2, 100),
(1348, 'Nadira TALI Baby Pink L', 127, 2, 100),
(1349, 'Nadira Baby Tosca L', 127, 2, 100),
(1350, 'Nadira Biru Tosca Muda L', 127, 2, 100),
(1351, 'Nadira Biru Tosca Tua L', 127, 2, 100),
(1352, 'Nadira Black L', 127, 2, 100),
(1353, 'Nadira Caramel L', 127, 2, 100),
(1354, 'Nadira Dark Choco L', 127, 2, 100),
(1355, 'Nadira Dusty Pink L', 127, 2, 100),
(1356, 'Nadira Fanta L', 127, 2, 100),
(1357, 'Nadira Frappe L', 127, 2, 100),
(1358, 'Nadira Green Tea L', 127, 2, 100),
(1359, 'Nadira Grey L', 127, 2, 100),
(1360, 'Nadira Hijau Botol L', 127, 2, 100),
(1361, 'Nadira Hijau Tosca Tua L', 127, 2, 100),
(1362, 'Nadira Khaki L', 127, 2, 100),
(1363, 'Nadira Kunyit L', 127, 2, 100),
(1364, 'Nadira Lavender L', 127, 2, 100),
(1365, 'Nadira Maroon L', 127, 2, 100),
(1366, 'Nadira Mint L', 127, 2, 100),
(1367, 'Nadira Mocca L', 127, 2, 100),
(1368, 'Nadira Mocca Muda L', 127, 2, 100);
INSERT INTO `barang` (`barang_id`, `barang_nama`, `id_kategori_barang`, `id_jenis_barang`, `barang_stok`) VALUES
(1369, 'Nadira Navy L', 127, 2, 100),
(1370, 'Nadira Olive L', 127, 2, 100),
(1371, 'Nadira Purple L', 127, 2, 100),
(1372, 'Nadira Salmon L', 127, 2, 100),
(1373, 'Nadira Silver L', 127, 2, 100),
(1374, 'Nadira Sky Blue L', 127, 2, 100),
(1375, 'Nadira White L', 127, 2, 100),
(1376, 'Nadira JET BLACK L', 128, 2, 100),
(1377, 'Nadira TALI Baby Pink XL', 129, 2, 100),
(1378, 'Nadira Baby Tosca XL', 129, 2, 100),
(1379, 'Nadira Biru Tosca Muda XL', 129, 2, 100),
(1380, 'Nadira Biru Tosca Tua XL', 129, 2, 100),
(1381, 'Nadira Black XL', 129, 2, 100),
(1382, 'Nadira Caramel XL', 129, 2, 100),
(1383, 'Nadira Dark Choco XL', 129, 2, 100),
(1384, 'Nadira Dusty Pink XL', 129, 2, 100),
(1385, 'Nadira Fanta XL', 129, 2, 100),
(1386, 'Nadira Frappe XL', 129, 2, 100),
(1387, 'Nadira Green Tea XL', 129, 2, 100),
(1388, 'Nadira Grey XL', 129, 2, 100),
(1389, 'Nadira Hijau Botol XL', 129, 2, 100),
(1390, 'Nadira Hijau Tosca Tua XL', 129, 2, 100),
(1391, 'Nadira Khaki XL', 129, 2, 100),
(1392, 'Nadira Kunyit XL', 129, 2, 100),
(1393, 'Nadira Lavender XL', 129, 2, 100),
(1394, 'Nadira Maroon XL', 129, 2, 100),
(1395, 'Nadira Mint XL', 129, 2, 100),
(1396, 'Nadira Mocca XL', 129, 2, 100),
(1397, 'Nadira Mocca Muda XL', 129, 2, 100),
(1398, 'Nadira Navy XL', 129, 2, 100),
(1399, 'Nadira Olive XL', 129, 2, 100),
(1400, 'Nadira Purple XL', 129, 2, 100),
(1401, 'Nadira Tali Salmon XL', 129, 2, 100),
(1402, 'Nadira Tali Silver XL', 129, 2, 100),
(1403, 'Nadira Tali Sky Blue XL', 129, 2, 100),
(1404, 'Nadira Tali White XL', 129, 2, 100),
(1405, 'Nadira JET BLACK XL', 130, 2, 100),
(1406, 'Mina Army S', 131, 2, 100),
(1407, 'Mina Black S', 131, 2, 100),
(1408, 'Mina Dark Choco S', 131, 2, 100),
(1409, 'Mina Deep Grey S', 131, 2, 100),
(1410, 'Mina Dark Mustard S', 131, 2, 100),
(1411, 'Mina Dusty Pink S', 131, 2, 100),
(1412, 'Mina Hijau Botol S', 131, 2, 100),
(1413, 'Mina Maroon S', 131, 2, 100),
(1414, 'Mina Mocca S', 131, 2, 100),
(1415, 'Mina Dove Navy S', 131, 2, 100),
(1416, 'Mina Light Silver S', 131, 2, 100),
(1417, 'Mina White S', 131, 2, 100),
(1418, 'Mina Army M', 132, 2, 100),
(1419, 'Mina Black M', 132, 2, 100),
(1420, 'Mina Dark Choco M', 132, 2, 100),
(1421, 'Mina Deep Grey M', 132, 2, 100),
(1422, 'Mina Dark Mustard M', 132, 2, 100),
(1423, 'Mina Dusty Pink M', 132, 2, 100),
(1424, 'Mina Hijau Botol M', 132, 2, 100),
(1425, 'Mina Maroon M', 132, 2, 100),
(1426, 'Mina Mocca M', 132, 2, 100),
(1427, 'Mina Dove Navy M', 132, 2, 100),
(1428, 'Mina Light Silver M', 132, 2, 100),
(1429, 'Mina White M', 132, 2, 100),
(1430, 'Mina Army L', 133, 2, 100),
(1431, 'Mina Black L', 133, 2, 100),
(1432, 'Mina Dark Choco L', 133, 2, 100),
(1433, 'Mina Deep Grey L', 133, 2, 100),
(1434, 'Mina Dark Mustard L', 133, 2, 100),
(1435, 'Mina Dusty Pink L', 133, 2, 100),
(1436, 'Mina Hijau Botol L', 133, 2, 100),
(1437, 'Mina Maroon L', 133, 2, 100),
(1438, 'Mina Mocca L', 133, 2, 100),
(1439, 'Mina Dove Navy L', 133, 2, 100),
(1440, 'Mina Light Silver L', 133, 2, 100),
(1441, 'Mina White L', 133, 2, 100),
(1442, 'Wolfis Baby Pink', 134, 1, 100000),
(1443, 'Wolfis Baby Tosca', 134, 1, 100000),
(1444, 'Wolfis Biru Tosca Muda', 134, 1, 100000),
(1445, 'Wolfis Biru Tosca Tua', 134, 1, 100000),
(1446, 'Wolfis Black', 134, 1, 100000),
(1447, 'Wolfis Caramel', 134, 1, 100000),
(1448, 'Wolfis Dark Choco', 134, 1, 100000),
(1449, 'Wolfis Dusty Pink', 134, 1, 100000),
(1450, 'Wolfis Fanta', 134, 1, 100000),
(1451, 'Wolfis Frappe', 134, 1, 100000),
(1452, 'Wolfis Green Tea', 134, 1, 100000),
(1453, 'Wolfis Grey', 134, 1, 100000),
(1454, 'Wolfis Hijau Botol', 134, 1, 100000),
(1455, 'Wolfis Hijau Tosca Tua', 134, 1, 100000),
(1456, 'Wolfis Khaki', 134, 1, 100000),
(1457, 'Wolfis Kunyit', 134, 1, 100000),
(1458, 'Wolfis Lavender', 134, 1, 100000),
(1459, 'Wolfis Maroon', 134, 1, 100000),
(1460, 'Wolfis Mint', 134, 1, 100000),
(1461, 'Wolfis Mocca', 134, 1, 100000),
(1462, 'Wolfis Mocca Muda', 134, 1, 100000),
(1463, 'Wolfis Navy', 134, 1, 100000),
(1464, 'Wolfis Olive', 134, 1, 100000),
(1465, 'Wolfis Purple', 134, 1, 100000),
(1466, 'Wolfis Salmon', 134, 1, 100000),
(1467, 'Wolfis Silver', 134, 1, 100000),
(1468, 'Wolfis Sky Blue', 134, 1, 100000),
(1469, 'Wolfis White', 134, 1, 100000),
(1470, 'Wolfis JET BLACK', 135, 1, 100000),
(1471, 'Bubble Black', 136, 1, 100000),
(1472, 'Bubble Lilac', 136, 1, 100000),
(1473, 'Bubble Navy', 136, 1, 100000);

-- --------------------------------------------------------

--
-- Table structure for table `barang_non_reseller`
--

CREATE TABLE `barang_non_reseller` (
  `bnr_id` int(11) NOT NULL,
  `barang_id` int(11) NOT NULL,
  `bnr_harga` varchar(50) NOT NULL,
  `bnr_tanggal` timestamp NOT NULL DEFAULT current_timestamp()
) ENGINE=InnoDB DEFAULT CHARSET=latin1;

-- --------------------------------------------------------

--
-- Table structure for table `barang_reseller`
--

CREATE TABLE `barang_reseller` (
  `br_id` int(11) NOT NULL,
  `barang_id` int(11) NOT NULL,
  `br_kuantitas` int(50) NOT NULL,
  `br_harga` varchar(50) NOT NULL,
  `br_tanggal` timestamp NULL DEFAULT current_timestamp()
) ENGINE=InnoDB DEFAULT CHARSET=latin1;

-- --------------------------------------------------------

--
-- Table structure for table `data_login`
--

CREATE TABLE `data_login` (
  `id_login` int(11) NOT NULL,
  `user_id` int(11) NOT NULL,
  `username` varchar(100) NOT NULL,
  `logintime` timestamp NOT NULL DEFAULT current_timestamp()
) ENGINE=InnoDB DEFAULT CHARSET=utf8mb4;

-- --------------------------------------------------------

--
-- Table structure for table `history_stock_barang`
--

CREATE TABLE `history_stock_barang` (
  `hsb_id` int(11) NOT NULL,
  `pemesanan_id` int(11) NOT NULL,
  `barang_id` int(11) NOT NULL,
  `stock_berkurang` int(50) NOT NULL,
  `lvl` int(11) NOT NULL,
  `hsb_tanggal` timestamp NULL DEFAULT current_timestamp()
) ENGINE=InnoDB DEFAULT CHARSET=latin1;

-- --------------------------------------------------------

--
-- Table structure for table `kategori_barang`
--

CREATE TABLE `kategori_barang` (
  `id_kategori_barang` int(11) NOT NULL,
  `nama_kategori` varchar(250) NOT NULL,
  `berat` int(11) NOT NULL,
  `harga_ecer` int(11) NOT NULL,
  `harga_grosir_3_11` int(11) NOT NULL,
  `harga_grosir_12_29` int(11) NOT NULL,
  `grosir_diatas_30` int(11) NOT NULL,
  `reseller` int(11) NOT NULL,
  `HPP` int(11) NOT NULL
) ENGINE=InnoDB DEFAULT CHARSET=latin1;

--
-- Dumping data for table `kategori_barang`
--

INSERT INTO `kategori_barang` (`id_kategori_barang`, `nama_kategori`, `berat`, `harga_ecer`, `harga_grosir_3_11`, `harga_grosir_12_29`, `grosir_diatas_30`, `reseller`, `HPP`) VALUES
(39, 'Jilbab Square S', 240, 53000, 48000, 46000, 44000, 46000, 37000),
(40, 'Jilbab Square JET BLACK S', 240, 65000, 60000, 58000, 56000, 58000, 44000),
(41, 'Jilbab Square M', 280, 56000, 51000, 49000, 47000, 49000, 40000),
(42, 'Jilbab Square JET BLACK M', 280, 70000, 65000, 63000, 61000, 63000, 47000),
(43, 'Jilbab Square L', 350, 60000, 55000, 53000, 51000, 53000, 43000),
(44, 'Jilbab Square JET BLACK L', 350, 75000, 70000, 68000, 66000, 68000, 52000),
(45, 'Jilbab Ayra S', 235, 83000, 78000, 73000, 68000, 73000, 53000),
(46, 'Jilbab Ayra JET BLACK S', 235, 95000, 90000, 85000, 80000, 85000, 65000),
(47, 'Jilbab Ayra M', 315, 90000, 85000, 80000, 75000, 80000, 60000),
(48, 'Jilbab Ayra JET BLACK M', 415, 105000, 100000, 95000, 90000, 95000, 71000),
(49, 'Jilbab Ayra L', 415, 105000, 100000, 95000, 90000, 95000, 71000),
(50, 'Jilbab Ayra JET BLACK L', 415, 120000, 115000, 110000, 105000, 110000, 85000),
(51, 'Jilbab Ayra XL', 475, 125000, 120000, 115000, 110000, 115000, 86000),
(52, 'Jilbab Ayra JET BLACK XL', 475, 140000, 135000, 130000, 125000, 130000, 101000),
(53, 'Jilbab Nadira S', 235, 83000, 78000, 73000, 68000, 73000, 53000),
(54, 'Jilbab Nadira JET BLACK S', 235, 95000, 90000, 85000, 80000, 85000, 65000),
(55, 'Jilbab Nadira M', 315, 90000, 85000, 80000, 75000, 80000, 60000),
(56, 'Jilbab Nadira JET BLACK M', 315, 105000, 100000, 95000, 90000, 95000, 74000),
(57, 'Jilbab Nadira L', 415, 105000, 100000, 95000, 90000, 95000, 71000),
(58, 'Jilbab Nadira JET BLACK L', 415, 120000, 115000, 110000, 105000, 110000, 85000),
(59, 'Jilbab Nadira XL', 475, 125000, 120000, 115000, 110000, 115000, 86000),
(60, 'Jilbab Nadira JET BLACK XL', 475, 140000, 135000, 130000, 125000, 130000, 101000),
(61, 'Jilbab Saila S', 225, 80000, 75000, 70000, 65000, 70000, 45000),
(62, 'Jilbab Saila JET BLACK S', 225, 90000, 85000, 80000, 75000, 80000, 53000),
(63, 'Jilbab Saila M', 270, 85000, 80000, 75000, 70000, 75000, 48000),
(64, 'Jilbab Saila JET BLACK M', 270, 95000, 90000, 85000, 80000, 85000, 56000),
(65, 'Jilbab Saila L', 320, 90000, 85000, 80000, 75000, 80000, 52000),
(66, 'Jilbab Saila JET BLACK L', 320, 100000, 95000, 90000, 85000, 90000, 61000),
(67, 'Jilbab Saila NB S', 225, 70000, 65000, 60000, 55000, 60000, 40000),
(68, 'Jilbab Saila NB  JET BLACK S', 225, 80000, 75000, 70000, 65000, 70000, 48000),
(69, 'Jilbab Saila NB M', 270, 75000, 70000, 65000, 60000, 65000, 43000),
(70, 'Jilbab Saila NB  JET BLACK M', 270, 85000, 80000, 75000, 70000, 75000, 51000),
(71, 'Jilbab Saila NB L', 320, 80000, 75000, 70000, 65000, 70000, 47000),
(72, 'Jilbab Saila NB  JET BLACK L', 320, 90000, 85000, 80000, 75000, 80000, 56000),
(73, 'Cadar Farra', 42, 16500, 15500, 14500, 13500, 14500, 10000),
(74, 'Farra JET BLACK', 42, 19000, 18000, 17000, 16000, 17000, 11500),
(75, 'Cadar Lana', 75, 25000, 24000, 23000, 22000, 23000, 16000),
(76, 'Lana ET BLACK', 75, 27000, 26000, 25000, 24000, 25000, 18000),
(77, 'Jilbab Nadira Kids XS', 65, 50000, 45000, 42500, 40000, 42500, 25000),
(78, 'Jilbab Nadira Kids JET BLACK XS', 65, 57500, 52500, 50000, 47500, 50000, 32500),
(79, 'Jilbab Nadira Kids S', 85, 55000, 50000, 47500, 45000, 47500, 30000),
(80, 'Nadira Kids JET BLACK S', 85, 62500, 57500, 55000, 52500, 55000, 35000),
(81, 'Jilbab Nadira Kids M', 115, 60000, 55000, 52500, 50000, 52500, 35000),
(82, 'Nadira Kids JET BLACK M', 115, 67500, 62500, 60000, 57500, 60000, 40000),
(83, 'Jilbab Nadira Kids L', 155, 65000, 60000, 57500, 55000, 57500, 40000),
(84, 'Nadira Kids JET BLACK L', 155, 72500, 67500, 65000, 62500, 65000, 45000),
(85, 'Jilbab Adeeva XS', 190, 70000, 70000, 70000, 70000, 70000, 35000),
(86, 'Adeeva JET BLACK XS', 190, 76000, 76000, 76000, 76000, 76000, 40000),
(87, 'Jilbab Adeeva S', 235, 75000, 75000, 75000, 75000, 75000, 36000),
(88, 'Adeeva JET BLACK S', 235, 84000, 84000, 84000, 84000, 84000, 41000),
(89, 'Jilbab Adeeva M', 260, 80000, 80000, 80000, 80000, 80000, 37000),
(90, 'Adeeva JET BLACK M', 260, 89000, 89000, 89000, 89000, 89000, 42000),
(91, 'Jilbab Adeeva L', 285, 85000, 85000, 85000, 85000, 85000, 38000),
(92, 'Adeeva JET BLACK L', 285, 94000, 94000, 94000, 94000, 94000, 43000),
(93, 'Jilbab Adeeva XL', 340, 90000, 90000, 90000, 90000, 90000, 40000),
(94, 'Adeeva JET BLACK XL', 340, 99000, 99000, 99000, 99000, 99000, 45000),
(95, 'Jilbab Hayfa', 315, 65000, 65000, 65000, 65000, 65000, 25000),
(96, 'Hayfa JET BLACK ', 315, 68000, 68000, 68000, 68000, 68000, 28000),
(97, 'Jilbab Hayfa Kids S', 160, 55000, 55000, 55000, 55000, 55000, 23000),
(98, 'Hayfa Kids JET BLACK S', 160, 55000, 55000, 55000, 55000, 55000, 24000),
(99, 'Jilbab Hayfa Kids M', 200, 55000, 55000, 55000, 55000, 55000, 23000),
(100, 'Hayfa Kids JET BLACK M', 200, 55000, 55000, 55000, 55000, 55000, 24000),
(101, 'Jilbab Hayfa Kids L', 215, 55000, 55000, 55000, 55000, 55000, 23000),
(102, 'Hayfa Kids JET BLACK L', 215, 55000, 55000, 55000, 55000, 55000, 24000),
(103, 'Jilbab Hayfa Kids XL', 270, 60000, 60000, 60000, 60000, 60000, 24000),
(104, 'Hayfa Kids JET BLACK XL', 270, 57500, 57500, 57500, 57500, 57500, 26000),
(105, 'Kaos Kaki', 60, 21000, 19000, 18000, 17000, 18000, 13000),
(106, 'Jilbab Dhia', 125, 50000, 45000, 43000, 41000, 43000, 30000),
(107, 'Ciput Bandana', 30, 12000, 10000, 9000, 8000, 9000, 5000),
(108, 'Ciput Kupluk', 35, 14000, 12000, 11000, 10000, 11000, 5000),
(109, 'Pashmina Instan Maisafa', 175, 57500, 52500, 50000, 47500, 50000, 32500),
(110, 'Pashmina Instan Maisa', 175, 55000, 50000, 47500, 45000, 47500, 29000),
(111, 'Pashmina Instan Maira', 175, 52000, 47000, 44500, 42000, 44500, 29000),
(112, 'Pashmina Instan Alea', 175, 52500, 47500, 45000, 42500, 45000, 31500),
(113, 'Pashmina Instan Azalea', 175, 52500, 47500, 45000, 42500, 45000, 31500),
(114, 'Pasmina Instan Diamond', 175, 52000, 47000, 44500, 42000, 44500, 29000),
(115, 'Jilbab Ayra Tali S', 235, 88000, 83000, 78000, 73000, 78000, 56000),
(116, 'Ayra JET BLACK S', 235, 100000, 95000, 90000, 85000, 90000, 68000),
(117, 'Jilbab Ayra Tali M', 315, 95000, 90000, 85000, 80000, 85000, 63000),
(118, 'Ayra JET BLACK M', 315, 110000, 105000, 100000, 95000, 100000, 77000),
(119, 'Jilbab Ayra Tali L', 415, 110000, 105000, 100000, 95000, 100000, 74000),
(120, 'Ayra JET BLACK L', 415, 125000, 120000, 115000, 110000, 115000, 88000),
(121, 'Jilbab Ayra Tali XL', 475, 130000, 125000, 120000, 115000, 120000, 89000),
(122, 'Jilbab Nadira Tali S', 235, 88000, 83000, 78000, 73000, 78000, 56000),
(123, 'Nadira JET BLACK S', 235, 100000, 95000, 90000, 85000, 90000, 68000),
(124, 'Jilbab Nadira Tali M', 315, 95000, 90000, 85000, 80000, 85000, 63000),
(125, 'Nadira JET BLACK M', 315, 110000, 105000, 100000, 95000, 100000, 77000),
(126, 'Jilbab Nadira Tali L', 415, 110000, 105000, 100000, 95000, 100000, 74000),
(127, 'Nadira JET BLACK L', 415, 125000, 120000, 115000, 110000, 115000, 88000),
(128, 'Jilbab Nadira Tali XL', 475, 130000, 125000, 120000, 115000, 120000, 89000),
(129, 'Nadira JET BLACK XL', 475, 145000, 140000, 135000, 130000, 135000, 104000),
(130, 'Rok Mina S', 415, 130000, 125000, 120000, 115000, 120000, 89000),
(131, 'Rok Mina M', 445, 135000, 130000, 125000, 120000, 125000, 90000),
(132, 'Rok Mina L', 475, 140000, 135000, 130000, 125000, 130000, 92000),
(133, 'Kain Wolfis', 240, 30000, 29000, 28750, 28500, 28750, 25000),
(134, 'Wolfis JET BLACK', 230, 36500, 35500, 35250, 35000, 35250, 31000),
(135, 'Kain Bubble', 240, 25000, 24000, 23750, 23500, 23750, 20000);

-- --------------------------------------------------------

--
-- Table structure for table `kurir`
--

CREATE TABLE `kurir` (
  `kurir_id` int(11) NOT NULL,
  `kurir_nama` varchar(50) DEFAULT NULL,
  `kurir_tanggal` timestamp NULL DEFAULT current_timestamp(),
  `kurir_harga` varchar(20) NOT NULL,
  `ongkir` varchar(10) NOT NULL
) ENGINE=InnoDB DEFAULT CHARSET=latin1;

--
-- Dumping data for table `kurir`
--

INSERT INTO `kurir` (`kurir_id`, `kurir_nama`, `kurir_tanggal`, `kurir_harga`, `ongkir`) VALUES
(1, 'JNE', '2019-04-19 15:50:14', '10000', '22000'),
(2, 'J & T', '2019-04-19 15:50:23', '10000', '22000'),
(4, 'Grab', '2019-04-19 15:50:40', '10000', '12000'),
(5, 'Gojek', '2019-05-01 09:05:31', '10000', '12000'),
(6, 'tidak ada kurir', '2019-11-11 06:03:54', '0', '0');

-- --------------------------------------------------------

--
-- Table structure for table `list_barang`
--

CREATE TABLE `list_barang` (
  `lb_id` int(11) NOT NULL,
  `pemesanan_id` int(11) NOT NULL,
  `lb_qty` int(20) NOT NULL,
  `barang_id` int(11) DEFAULT NULL,
  `lb_tanggal` timestamp NULL DEFAULT current_timestamp(),
  `lb_lvl` int(11) NOT NULL,
  `harga` int(11) NOT NULL,
  `berat` int(11) NOT NULL
) ENGINE=InnoDB DEFAULT CHARSET=latin1;

-- --------------------------------------------------------

--
-- Table structure for table `metode_pembayaran`
--

CREATE TABLE `metode_pembayaran` (
  `mp_id` int(11) NOT NULL,
  `mp_nama` varchar(50) DEFAULT NULL,
  `mp_tanggal` timestamp NOT NULL DEFAULT current_timestamp()
) ENGINE=InnoDB DEFAULT CHARSET=latin1;

--
-- Dumping data for table `metode_pembayaran`
--

INSERT INTO `metode_pembayaran` (`mp_id`, `mp_nama`, `mp_tanggal`) VALUES
(1, 'Cash', '2019-05-12 14:10:06'),
(2, 'BNI', '2019-05-12 14:11:41'),
(3, 'BRI', '2019-05-12 14:11:48');

-- --------------------------------------------------------

--
-- Table structure for table `pemesanan`
--

CREATE TABLE `pemesanan` (
  `pemesanan_id` int(11) NOT NULL,
  `pemesanan_nama` varchar(50) DEFAULT NULL,
  `pemesanan_nama_akun` varchar(250) NOT NULL DEFAULT '-',
  `pemesanan_tanggal` date NOT NULL,
  `pemesanan_hp` varchar(25) DEFAULT NULL,
  `pemesanan_alamat` text DEFAULT NULL,
  `email_pemesan` varchar(250) NOT NULL,
  `kurir_id` int(11) DEFAULT NULL,
  `at_id` int(11) DEFAULT NULL,
  `mp_id` int(11) NOT NULL,
  `biaya_ongkir` int(11) NOT NULL,
  `status_pemesanan` int(1) NOT NULL,
  `status_eks` int(11) NOT NULL,
  `biaya_admin` int(11) NOT NULL DEFAULT 0,
  `diskon` int(11) NOT NULL DEFAULT 0,
  `uang_kembalian` varchar(10) NOT NULL,
  `note` varchar(50) NOT NULL,
  `status_customer` int(11) NOT NULL,
  `no_resi` varchar(30) NOT NULL,
  `username` varchar(50) NOT NULL
) ENGINE=InnoDB DEFAULT CHARSET=latin1;

-- --------------------------------------------------------

--
-- Table structure for table `stok_barang`
--

CREATE TABLE `stok_barang` (
  `id_stok` int(11) NOT NULL,
  `id_barang` int(11) NOT NULL,
  `jumlah` int(11) NOT NULL,
  `tanggal` datetime NOT NULL DEFAULT current_timestamp(),
  `kategori` int(11) NOT NULL DEFAULT 1,
  `status` int(11) NOT NULL DEFAULT 1
) ENGINE=InnoDB DEFAULT CHARSET=latin1;

-- --------------------------------------------------------

--
-- Table structure for table `uang_masuk`
--

CREATE TABLE `uang_masuk` (
  `id_uang_masuk` int(11) NOT NULL,
  `pemesanan_id` int(11) NOT NULL,
  `jumlah` int(11) NOT NULL,
  `tanggal` timestamp NOT NULL DEFAULT current_timestamp()
) ENGINE=InnoDB DEFAULT CHARSET=latin1;

-- --------------------------------------------------------

--
-- Table structure for table `user`
--

CREATE TABLE `user` (
  `user_id` int(11) NOT NULL,
  `user_nama` varchar(50) DEFAULT NULL,
  `user_hp` varchar(20) DEFAULT NULL,
  `user_alamat` text DEFAULT NULL,
  `user_foto` varchar(50) DEFAULT NULL,
  `user_level` int(2) NOT NULL,
  `username` varchar(50) DEFAULT NULL,
  `password` varchar(50) DEFAULT NULL
) ENGINE=InnoDB DEFAULT CHARSET=latin1;

--
-- Dumping data for table `user`
--

INSERT INTO `user` (`user_id`, `user_nama`, `user_hp`, `user_alamat`, `user_foto`, `user_level`, `username`, `password`) VALUES
(1, 'Owner', '081255555555', 'Jl.Tnabun', 'about-img.jpg', 1, 'owner', '1234'),
(2, 'Order', '121', 'Bumi', 'product3.jpg', 2, 'order', '1234'),
(3, 'Stok', '10468013', 'Bumi', 'r4.jpg', 3, 'stok', '1234');

--
-- Indexes for dumped tables
--

--
-- Indexes for table `asal_transaksi`
--
ALTER TABLE `asal_transaksi`
  ADD PRIMARY KEY (`at_id`);

--
-- Indexes for table `barang`
--
ALTER TABLE `barang`
  ADD PRIMARY KEY (`barang_id`);

--
-- Indexes for table `barang_non_reseller`
--
ALTER TABLE `barang_non_reseller`
  ADD PRIMARY KEY (`bnr_id`);

--
-- Indexes for table `barang_reseller`
--
ALTER TABLE `barang_reseller`
  ADD PRIMARY KEY (`br_id`);

--
-- Indexes for table `data_login`
--
ALTER TABLE `data_login`
  ADD PRIMARY KEY (`id_login`);

--
-- Indexes for table `history_stock_barang`
--
ALTER TABLE `history_stock_barang`
  ADD PRIMARY KEY (`hsb_id`);

--
-- Indexes for table `kategori_barang`
--
ALTER TABLE `kategori_barang`
  ADD PRIMARY KEY (`id_kategori_barang`);

--
-- Indexes for table `kurir`
--
ALTER TABLE `kurir`
  ADD PRIMARY KEY (`kurir_id`);

--
-- Indexes for table `list_barang`
--
ALTER TABLE `list_barang`
  ADD PRIMARY KEY (`lb_id`);

--
-- Indexes for table `metode_pembayaran`
--
ALTER TABLE `metode_pembayaran`
  ADD PRIMARY KEY (`mp_id`);

--
-- Indexes for table `pemesanan`
--
ALTER TABLE `pemesanan`
  ADD PRIMARY KEY (`pemesanan_id`);

--
-- Indexes for table `stok_barang`
--
ALTER TABLE `stok_barang`
  ADD PRIMARY KEY (`id_stok`);

--
-- Indexes for table `uang_masuk`
--
ALTER TABLE `uang_masuk`
  ADD PRIMARY KEY (`id_uang_masuk`);

--
-- Indexes for table `user`
--
ALTER TABLE `user`
  ADD PRIMARY KEY (`user_id`);

--
-- AUTO_INCREMENT for dumped tables
--

--
-- AUTO_INCREMENT for table `asal_transaksi`
--
ALTER TABLE `asal_transaksi`
  MODIFY `at_id` int(11) NOT NULL AUTO_INCREMENT, AUTO_INCREMENT=8;

--
-- AUTO_INCREMENT for table `barang`
--
ALTER TABLE `barang`
  MODIFY `barang_id` int(11) NOT NULL AUTO_INCREMENT, AUTO_INCREMENT=1474;

--
-- AUTO_INCREMENT for table `barang_non_reseller`
--
ALTER TABLE `barang_non_reseller`
  MODIFY `bnr_id` int(11) NOT NULL AUTO_INCREMENT, AUTO_INCREMENT=56;

--
-- AUTO_INCREMENT for table `barang_reseller`
--
ALTER TABLE `barang_reseller`
  MODIFY `br_id` int(11) NOT NULL AUTO_INCREMENT, AUTO_INCREMENT=3015;

--
-- AUTO_INCREMENT for table `data_login`
--
ALTER TABLE `data_login`
  MODIFY `id_login` int(11) NOT NULL AUTO_INCREMENT, AUTO_INCREMENT=5;

--
-- AUTO_INCREMENT for table `history_stock_barang`
--
ALTER TABLE `history_stock_barang`
  MODIFY `hsb_id` int(11) NOT NULL AUTO_INCREMENT, AUTO_INCREMENT=104;

--
-- AUTO_INCREMENT for table `kategori_barang`
--
ALTER TABLE `kategori_barang`
  MODIFY `id_kategori_barang` int(11) NOT NULL AUTO_INCREMENT, AUTO_INCREMENT=136;

--
-- AUTO_INCREMENT for table `kurir`
--
ALTER TABLE `kurir`
  MODIFY `kurir_id` int(11) NOT NULL AUTO_INCREMENT, AUTO_INCREMENT=7;

--
-- AUTO_INCREMENT for table `list_barang`
--
ALTER TABLE `list_barang`
  MODIFY `lb_id` int(11) NOT NULL AUTO_INCREMENT, AUTO_INCREMENT=102;

--
-- AUTO_INCREMENT for table `metode_pembayaran`
--
ALTER TABLE `metode_pembayaran`
  MODIFY `mp_id` int(11) NOT NULL AUTO_INCREMENT, AUTO_INCREMENT=4;

--
-- AUTO_INCREMENT for table `pemesanan`
--
ALTER TABLE `pemesanan`
  MODIFY `pemesanan_id` int(11) NOT NULL AUTO_INCREMENT, AUTO_INCREMENT=64;

--
-- AUTO_INCREMENT for table `stok_barang`
--
ALTER TABLE `stok_barang`
  MODIFY `id_stok` int(11) NOT NULL AUTO_INCREMENT, AUTO_INCREMENT=85;

--
-- AUTO_INCREMENT for table `uang_masuk`
--
ALTER TABLE `uang_masuk`
  MODIFY `id_uang_masuk` int(11) NOT NULL AUTO_INCREMENT, AUTO_INCREMENT=29;

--
-- AUTO_INCREMENT for table `user`
--
ALTER TABLE `user`
  MODIFY `user_id` int(11) NOT NULL AUTO_INCREMENT, AUTO_INCREMENT=6;
COMMIT;

/*!40101 SET CHARACTER_SET_CLIENT=@OLD_CHARACTER_SET_CLIENT */;
/*!40101 SET CHARACTER_SET_RESULTS=@OLD_CHARACTER_SET_RESULTS */;
/*!40101 SET COLLATION_CONNECTION=@OLD_COLLATION_CONNECTION */;
